MonthStart,TowerID,TelecomCircle,Zone,City,NetworkTech,SiteType,TotalDataTrafficTB,CallAttempts,DroppedCalls,DroppedCallRatePct,AvgDownloadMbps,AvgUploadMbps,AvgLatencyMs,OutageMinutes,AvailabilityPct,CongestionHours,Traffic5GTB
2025-01-01,T001,Tamil Nadu,South,Chennai,4G,Macro,147.41,227331,3365,1.481,67.84,18.42,35.07,493.2,98.858,1.5,4.79
2025-02-01,T001,Tamil Nadu,South,Chennai,4G,Macro,227.17,101451,1134,1.118,37.2,9.17,46.7,297.6,99.311,3.6,3.46
2025-03-01,T001,Tamil Nadu,South,Chennai,4G,Macro,139.34,200351,3514,1.754,15.55,3.01,42.33,403.3,99.066,6.9,3.44
2025-04-01,T001,Tamil Nadu,South,Chennai,4G,Macro,190.45,188398,2219,1.178,55.25,11.98,41.23,358.8,99.169,6.6,8.52
2025-05-01,T001,Tamil Nadu,South,Chennai,4G,Macro,189.96,114681,1410,1.23,61.1,12.26,48.43,346.7,99.197,3.6,7.23
2025-06-01,T001,Tamil Nadu,South,Chennai,4G,Macro,195.0,92311,1462,1.584,73.04,21.05,36.71,246.5,99.429,1.7,3.34
2025-07-01,T001,Tamil Nadu,South,Chennai,4G,Macro,182.22,83270,1165,1.4,60.12,14.16,44.42,436.4,98.99,4.1,5.98
2025-08-01,T001,Tamil Nadu,South,Chennai,4G,Macro,191.67,210373,2600,1.236,80.39,18.89,41.3,253.8,99.413,3.0,0.74
2025-09-01,T001,Tamil Nadu,South,Chennai,4G,Macro,179.35,146286,1650,1.128,53.82,14.77,31.18,339.0,99.215,0.5,7.98
2025-10-01,T001,Tamil Nadu,South,Chennai,4G,Macro,196.31,142583,1612,1.131,32.25,9.02,41.39,401.5,99.071,3.5,6.7
2025-11-01,T001,Tamil Nadu,South,Chennai,4G,Macro,183.77,108309,1042,0.963,45.55,8.57,33.75,386.2,99.106,3.5,4.7
2025-12-01,T001,Tamil Nadu,South,Chennai,4G,Macro,199.45,126188,2125,1.684,65.86,14.49,41.25,366.5,99.152,0.9,1.26
2026-01-01,T001,Tamil Nadu,South,Chennai,4G,Macro,162.09,134141,2254,1.681,58.75,14.81,37.24,381.4,99.117,2.6,2.48
2026-02-01,T001,Tamil Nadu,South,Chennai,4G,Macro,209.7,181309,2355,1.299,37.09,8.27,44.88,247.4,99.427,3.5,4.01
2026-03-01,T001,Tamil Nadu,South,Chennai,4G,Macro,184.18,67757,818,1.208,66.42,12.91,44.4,245.6,99.431,1.5,5.81
2026-04-01,T001,Tamil Nadu,South,Chennai,4G,Macro,184.41,103785,1393,1.343,41.73,11.98,48.06,527.7,98.778,6.7,8.11
2026-05-01,T001,Tamil Nadu,South,Chennai,4G,Macro,219.8,157867,2073,1.313,74.64,20.37,52.89,632.6,98.536,2.8,10.61
2026-06-01,T001,Tamil Nadu,South,Chennai,4G,Macro,172.77,144313,1767,1.225,56.13,14.14,40.42,164.0,99.62,3.6,6.4
2025-01-01,T002,Tamil Nadu,South,Chennai,5G,Macro,171.27,216338,2221,1.027,151.18,30.49,28.01,160.2,99.629,3.5,136.25
2025-02-01,T002,Tamil Nadu,South,Chennai,5G,Macro,195.0,93092,1055,1.134,157.01,44.3,23.2,311.1,99.28,1.7,182.34
2025-03-01,T002,Tamil Nadu,South,Chennai,5G,Macro,162.86,122706,1099,0.896,165.47,47.73,19.16,365.8,99.153,3.1,141.99
2025-04-01,T002,Tamil Nadu,South,Chennai,5G,Macro,192.5,202011,2120,1.05,163.0,46.98,18.39,374.9,99.132,3.3,155.71
2025-05-01,T002,Tamil Nadu,South,Chennai,5G,Macro,167.25,70259,468,0.667,156.65,38.2,23.97,336.2,99.222,3.5,127.78
2025-06-01,T002,Tamil Nadu,South,Chennai,5G,Macro,168.79,101542,703,0.693,152.73,33.51,18.97,537.0,98.757,1.5,128.57
2025-07-01,T002,Tamil Nadu,South,Chennai,5G,Macro,176.22,135018,1590,1.178,140.97,25.87,24.27,424.9,99.016,6.7,160.62
2025-08-01,T002,Tamil Nadu,South,Chennai,5G,Macro,207.93,237349,2022,0.852,142.23,39.88,30.57,218.6,99.494,3.4,160.45
2025-09-01,T002,Tamil Nadu,South,Chennai,5G,Macro,159.17,152722,1451,0.951,139.73,35.87,14.41,379.7,99.121,2.1,130.36
2025-10-01,T002,Tamil Nadu,South,Chennai,5G,Macro,146.43,118778,1044,0.879,155.87,40.65,19.98,672.9,98.442,2.4,124.96
2025-11-01,T002,Tamil Nadu,South,Chennai,5G,Macro,169.2,211732,2327,1.099,157.78,43.02,27.87,247.4,99.427,5.4,134.99
2025-12-01,T002,Tamil Nadu,South,Chennai,5G,Macro,169.66,180506,1163,0.645,131.27,35.01,19.36,268.5,99.379,2.1,119.76
2026-01-01,T002,Tamil Nadu,South,Chennai,5G,Macro,161.98,112922,919,0.814,138.71,32.82,22.68,347.2,99.196,0.5,128.15
2026-02-01,T002,Tamil Nadu,South,Chennai,5G,Macro,163.1,174185,1302,0.748,143.51,29.92,30.21,563.4,98.696,0.9,141.35
2026-03-01,T002,Tamil Nadu,South,Chennai,5G,Macro,179.92,106861,1055,0.987,164.25,46.68,26.62,346.1,99.199,1.0,158.8
2026-04-01,T002,Tamil Nadu,South,Chennai,5G,Macro,170.86,153921,1272,0.827,147.2,38.55,27.83,229.7,99.468,2.1,159.09
2026-05-01,T002,Tamil Nadu,South,Chennai,5G,Macro,182.32,177829,850,0.478,169.21,45.57,34.58,249.1,99.423,1.4,142.1
2026-06-01,T002,Tamil Nadu,South,Chennai,5G,Macro,197.32,182968,1368,0.748,153.92,39.62,26.13,328.2,99.24,4.3,165.57
2025-01-01,T003,Tamil Nadu,South,Chennai,5G,Macro,280.12,130797,852,0.652,160.72,45.43,27.2,362.1,99.162,0.7,213.96
2025-02-01,T003,Tamil Nadu,South,Chennai,5G,Macro,277.06,116851,980,0.839,165.34,30.42,27.63,156.6,99.637,1.3,189.26
2025-03-01,T003,Tamil Nadu,South,Chennai,5G,Macro,319.69,126593,1621,1.281,138.61,37.6,22.68,182.2,99.578,6.3,253.86
2025-04-01,T003,Tamil Nadu,South,Chennai,5G,Macro,319.51,68132,460,0.675,177.11,47.2,25.85,419.2,99.03,1.3,233.0
2025-05-01,T003,Tamil Nadu,South,Chennai,5G,Macro,352.65,153497,1458,0.95,141.23,38.25,27.46,270.4,99.374,9.2,316.3
2025-06-01,T003,Tamil Nadu,South,Chennai,5G,Macro,274.63,77453,629,0.813,147.26,28.8,26.47,386.8,99.105,5.1,221.14
2025-07-01,T003,Tamil Nadu,South,Chennai,5G,Macro,293.8,84644,865,1.023,134.27,35.39,26.49,459.8,98.936,2.3,234.94
2025-08-01,T003,Tamil Nadu,South,Chennai,5G,Macro,306.5,229955,2271,0.988,146.76,40.93,26.4,447.8,98.963,5.0,254.09
2025-09-01,T003,Tamil Nadu,South,Chennai,5G,Macro,275.99,256530,2295,0.895,138.1,35.59,16.32,238.8,99.447,1.4,232.58
2025-10-01,T003,Tamil Nadu,South,Chennai,5G,Macro,287.57,106588,1248,1.172,112.49,25.93,27.81,359.0,99.169,8.4,229.68
2025-11-01,T003,Tamil Nadu,South,Chennai,5G,Macro,274.93,95639,1019,1.066,147.42,33.96,25.48,296.8,99.313,4.1,227.05
2025-12-01,T003,Tamil Nadu,South,Chennai,5G,Macro,364.99,179855,1673,0.931,144.0,37.33,24.73,396.0,99.083,1.1,311.02
2026-01-01,T003,Tamil Nadu,South,Chennai,5G,Macro,296.92,211657,2106,0.995,139.08,37.28,27.15,74.8,99.827,1.4,249.15
2026-02-01,T003,Tamil Nadu,South,Chennai,5G,Macro,262.5,110880,996,0.899,144.8,30.81,29.43,216.9,99.498,5.3,179.54
2026-03-01,T003,Tamil Nadu,South,Chennai,5G,Macro,345.54,224004,1894,0.846,158.7,43.73,25.05,392.7,99.091,1.2,278.48
2026-04-01,T003,Tamil Nadu,South,Chennai,5G,Macro,329.94,113931,1315,1.154,134.98,24.57,22.02,199.4,99.538,3.0,253.0
2026-05-01,T003,Tamil Nadu,South,Chennai,5G,Macro,290.96,241874,1930,0.798,142.08,37.21,26.6,678.1,98.43,1.6,266.13
2026-06-01,T003,Tamil Nadu,South,Chennai,5G,Macro,281.41,80069,839,1.048,95.71,23.56,29.84,214.7,99.503,2.1,249.57
2025-01-01,T004,Tamil Nadu,South,Chennai,5G,Macro,260.27,80330,554,0.69,163.45,30.06,23.84,436.4,98.99,1.2,180.33
2025-02-01,T004,Tamil Nadu,South,Chennai,5G,Macro,302.62,141046,910,0.645,161.99,30.37,21.13,115.7,99.732,1.5,222.27
2025-03-01,T004,Tamil Nadu,South,Chennai,5G,Macro,306.33,248575,1979,0.796,102.75,28.81,28.13,415.3,99.039,2.3,240.32
2025-04-01,T004,Tamil Nadu,South,Chennai,5G,Macro,331.5,113252,1289,1.139,145.39,33.48,24.56,108.3,99.749,2.8,307.89
2025-05-01,T004,Tamil Nadu,South,Chennai,5G,Macro,238.04,258587,2740,1.06,148.28,31.28,23.54,207.4,99.52,4.2,190.53
2025-06-01,T004,Tamil Nadu,South,Chennai,5G,Macro,327.96,253994,2270,0.894,145.2,36.1,23.46,372.8,99.137,1.3,298.98
2025-07-01,T004,Tamil Nadu,South,Chennai,5G,Macro,299.59,210420,1738,0.826,117.13,21.87,25.36,258.7,99.401,3.0,224.67
2025-08-01,T004,Tamil Nadu,South,Chennai,5G,Macro,270.74,222140,2262,1.019,111.17,29.18,31.04,316.3,99.268,2.3,207.59
2025-09-01,T004,Tamil Nadu,South,Chennai,5G,Macro,289.21,77523,694,0.896,158.66,45.01,15.81,370.0,99.143,1.3,209.58
2025-10-01,T004,Tamil Nadu,South,Chennai,5G,Macro,261.52,182046,2175,1.195,129.53,26.4,22.4,195.6,99.547,3.1,231.18
2025-11-01,T004,Tamil Nadu,South,Chennai,5G,Macro,336.72,103298,924,0.895,142.72,32.97,27.87,174.8,99.595,4.0,288.5
2025-12-01,T004,Tamil Nadu,South,Chennai,5G,Macro,250.03,172639,1429,0.828,143.09,37.63,36.74,177.0,99.59,4.1,223.28
2026-01-01,T004,Tamil Nadu,South,Chennai,5G,Macro,251.36,182251,1676,0.92,166.29,33.53,27.85,403.7,99.065,3.0,198.72
2026-02-01,T004,Tamil Nadu,South,Chennai,5G,Macro,276.05,193683,1332,0.688,140.2,26.19,18.59,463.4,98.927,3.3,209.75
2026-03-01,T004,Tamil Nadu,South,Chennai,5G,Macro,295.25,73812,534,0.724,135.58,31.64,26.75,453.4,98.95,3.3,251.13
2026-04-01,T004,Tamil Nadu,South,Chennai,5G,Macro,328.96,108418,1400,1.292,125.29,23.32,24.73,609.3,98.59,8.9,283.21
2026-05-01,T004,Tamil Nadu,South,Chennai,5G,Macro,286.42,132994,760,0.572,142.2,29.24,20.71,370.5,99.142,3.2,266.11
2026-06-01,T004,Tamil Nadu,South,Chennai,5G,Macro,279.19,81719,572,0.701,118.84,32.94,26.29,339.0,99.215,2.1,215.53
2025-01-01,T005,Tamil Nadu,South,Coimbatore,5G,Rooftop,230.07,80155,589,0.735,130.31,33.77,29.14,468.5,98.916,2.4,196.03
2025-02-01,T005,Tamil Nadu,South,Coimbatore,5G,Rooftop,195.78,228629,1405,0.615,150.0,29.27,29.79,169.7,99.607,2.6,181.93
2025-03-01,T005,Tamil Nadu,South,Coimbatore,5G,Rooftop,218.12,175778,1797,1.023,154.37,28.05,20.04,302.2,99.3,1.5,198.76
2025-04-01,T005,Tamil Nadu,South,Coimbatore,5G,Rooftop,253.11,241548,2748,1.138,150.44,27.32,24.46,448.5,98.962,3.0,210.04
2025-05-01,T005,Tamil Nadu,South,Coimbatore,5G,Rooftop,250.21,184146,1466,0.797,145.58,36.24,32.0,525.3,98.784,6.5,183.67
2025-06-01,T005,Tamil Nadu,South,Coimbatore,5G,Rooftop,285.13,101057,1058,1.047,133.56,32.53,26.93,107.1,99.752,5.8,218.64
2025-07-01,T005,Tamil Nadu,South,Coimbatore,5G,Rooftop,251.79,153800,1447,0.941,130.59,33.94,29.09,408.5,99.054,3.7,214.9
2025-08-01,T005,Tamil Nadu,South,Coimbatore,5G,Rooftop,263.26,228738,2119,0.927,144.34,33.53,27.01,252.9,99.415,3.9,187.35
2025-09-01,T005,Tamil Nadu,South,Coimbatore,5G,Rooftop,288.81,70999,739,1.042,158.95,35.05,21.97,211.9,99.51,0.3,218.42
2025-10-01,T005,Tamil Nadu,South,Coimbatore,5G,Rooftop,249.47,85234,555,0.652,99.43,23.0,24.44,293.7,99.32,0.4,211.93
2025-11-01,T005,Tamil Nadu,South,Coimbatore,5G,Rooftop,280.38,71588,495,0.692,135.64,37.22,22.58,82.4,99.809,4.3,227.77
2025-12-01,T005,Tamil Nadu,South,Coimbatore,5G,Rooftop,239.15,113749,767,0.674,115.62,22.15,27.26,200.4,99.536,5.9,201.04
2026-01-01,T005,Tamil Nadu,South,Coimbatore,5G,Rooftop,264.25,225342,2263,1.004,119.97,29.79,26.67,504.1,98.833,2.7,235.38
2026-02-01,T005,Tamil Nadu,South,Coimbatore,5G,Rooftop,233.49,174795,1760,1.007,131.65,38.07,32.7,658.5,98.476,9.2,197.86
2026-03-01,T005,Tamil Nadu,South,Coimbatore,5G,Rooftop,223.31,70422,710,1.009,129.09,29.7,20.5,483.3,98.881,0.6,165.47
2026-04-01,T005,Tamil Nadu,South,Coimbatore,5G,Rooftop,232.7,151789,1628,1.073,163.03,44.32,21.2,393.0,99.09,0.2,182.71
2026-05-01,T005,Tamil Nadu,South,Coimbatore,5G,Rooftop,201.42,212450,1941,0.914,150.28,32.62,26.75,269.8,99.375,1.4,139.59
2026-06-01,T005,Tamil Nadu,South,Coimbatore,5G,Rooftop,265.46,193517,2326,1.202,161.75,33.11,28.38,317.3,99.266,3.9,193.21
2025-01-01,T006,Tamil Nadu,South,Coimbatore,5G,Rooftop,246.98,101190,786,0.778,155.84,35.33,20.7,147.4,99.659,0.7,184.01
2025-02-01,T006,Tamil Nadu,South,Coimbatore,5G,Rooftop,207.11,72899,371,0.51,142.05,37.86,29.46,270.5,99.374,1.1,153.51
2025-03-01,T006,Tamil Nadu,South,Coimbatore,5G,Rooftop,248.09,198760,1936,0.974,149.66,41.92,33.5,438.6,98.985,7.7,215.8
2025-04-01,T006,Tamil Nadu,South,Coimbatore,5G,Rooftop,198.87,134151,876,0.653,166.19,43.88,28.07,540.3,98.749,1.0,151.22
2025-05-01,T006,Tamil Nadu,South,Coimbatore,5G,Rooftop,311.92,228971,1680,0.734,161.1,37.99,21.97,178.4,99.587,2.6,265.62
2025-06-01,T006,Tamil Nadu,South,Coimbatore,5G,Rooftop,254.61,97994,878,0.896,119.28,26.86,26.71,479.9,98.889,3.8,209.32
2025-07-01,T006,Tamil Nadu,South,Coimbatore,5G,Rooftop,300.15,207811,2327,1.12,157.51,36.31,25.35,424.5,99.017,3.7,274.88
2025-08-01,T006,Tamil Nadu,South,Coimbatore,5G,Rooftop,184.91,142354,989,0.695,152.65,33.96,27.97,252.5,99.415,2.9,126.35
2025-09-01,T006,Tamil Nadu,South,Coimbatore,5G,Rooftop,269.5,115219,935,0.812,129.45,23.94,21.76,264.0,99.389,7.6,243.51
2025-10-01,T006,Tamil Nadu,South,Coimbatore,5G,Rooftop,251.31,211597,2153,1.018,167.49,40.79,21.94,356.5,99.175,2.1,176.77
2025-11-01,T006,Tamil Nadu,South,Coimbatore,5G,Rooftop,291.47,135355,1365,1.009,131.4,36.7,31.83,314.0,99.273,1.8,200.41
2025-12-01,T006,Tamil Nadu,South,Coimbatore,5G,Rooftop,242.97,148819,1191,0.801,122.84,26.89,22.88,230.8,99.466,0.7,195.58
2026-01-01,T006,Tamil Nadu,South,Coimbatore,5G,Rooftop,290.73,172239,1085,0.63,146.97,36.13,18.77,321.1,99.257,2.1,241.44
2026-02-01,T006,Tamil Nadu,South,Coimbatore,5G,Rooftop,246.72,144806,1441,0.995,133.21,34.84,29.77,179.7,99.584,4.0,231.78
2026-03-01,T006,Tamil Nadu,South,Coimbatore,5G,Rooftop,289.58,192447,1550,0.806,136.19,38.01,22.77,526.2,98.782,3.9,200.18
2026-04-01,T006,Tamil Nadu,South,Coimbatore,5G,Rooftop,284.53,119794,1186,0.99,142.2,31.91,21.58,259.5,99.399,1.3,262.96
2026-05-01,T006,Tamil Nadu,South,Coimbatore,5G,Rooftop,257.46,119578,1253,1.048,156.56,39.14,31.01,210.8,99.512,4.9,175.36
2026-06-01,T006,Tamil Nadu,South,Coimbatore,5G,Rooftop,308.16,208627,1826,0.876,149.66,34.15,27.94,128.4,99.703,2.0,234.56
2025-01-01,T007,Tamil Nadu,South,Madurai,5G,Rooftop,313.61,209959,2305,1.098,129.54,27.29,16.79,143.6,99.667,2.0,242.74
2025-02-01,T007,Tamil Nadu,South,Madurai,5G,Rooftop,398.19,161122,1065,0.662,150.16,32.09,24.39,253.7,99.413,0.4,275.54
2025-03-01,T007,Tamil Nadu,South,Madurai,5G,Rooftop,294.17,200341,1742,0.87,148.65,31.94,18.42,224.3,99.481,1.1,207.11
2025-04-01,T007,Tamil Nadu,South,Madurai,5G,Rooftop,335.32,135415,1599,1.181,153.26,33.39,24.47,235.7,99.454,2.4,249.17
2025-05-01,T007,Tamil Nadu,South,Madurai,5G,Rooftop,380.03,74309,733,0.987,132.62,32.25,27.29,231.4,99.464,2.2,300.3
2025-06-01,T007,Tamil Nadu,South,Madurai,5G,Rooftop,365.18,200437,2258,1.127,124.84,29.46,28.78,270.1,99.375,2.3,260.11
2025-07-01,T007,Tamil Nadu,South,Madurai,5G,Rooftop,362.18,117918,752,0.638,119.83,31.82,26.56,243.5,99.436,4.9,298.98
2025-08-01,T007,Tamil Nadu,South,Madurai,5G,Rooftop,302.75,137717,1866,1.356,134.97,32.48,29.71,463.8,98.926,8.1,207.44
2025-09-01,T007,Tamil Nadu,South,Madurai,5G,Rooftop,246.02,92084,834,0.907,149.36,28.76,22.2,260.1,99.398,3.8,212.75
2025-10-01,T007,Tamil Nadu,South,Madurai,5G,Rooftop,351.11,117711,1179,1.002,117.63,25.3,23.76,258.2,99.402,0.8,255.37
2025-11-01,T007,Tamil Nadu,South,Madurai,5G,Rooftop,374.73,87792,1073,1.223,130.19,24.89,24.45,561.3,98.701,4.2,316.93
2025-12-01,T007,Tamil Nadu,South,Madurai,5G,Rooftop,316.34,221944,3094,1.394,169.27,33.25,20.43,249.3,99.423,2.2,255.2
2026-01-01,T007,Tamil Nadu,South,Madurai,5G,Rooftop,336.32,237093,2219,0.936,123.79,28.08,25.0,316.8,99.267,1.9,293.24
2026-02-01,T007,Tamil Nadu,South,Madurai,5G,Rooftop,357.58,234443,2096,0.894,161.47,42.19,27.29,185.7,99.57,3.4,246.21
2026-03-01,T007,Tamil Nadu,South,Madurai,5G,Rooftop,358.91,151890,1125,0.741,172.58,42.17,23.32,151.1,99.65,0.6,287.16
2026-04-01,T007,Tamil Nadu,South,Madurai,5G,Rooftop,382.86,230604,2400,1.041,121.0,34.02,24.44,271.8,99.371,2.5,356.73
2026-05-01,T007,Tamil Nadu,South,Madurai,5G,Rooftop,331.38,236559,2104,0.889,127.54,25.89,24.26,405.4,99.062,4.1,280.81
2026-06-01,T007,Tamil Nadu,South,Madurai,5G,Rooftop,326.51,91758,940,1.025,133.74,33.01,31.27,292.0,99.324,3.5,250.3
2025-01-01,T008,Tamil Nadu,South,Madurai,5G,Macro,226.92,92162,904,0.981,159.76,33.18,20.02,400.4,99.073,4.9,156.04
2025-02-01,T008,Tamil Nadu,South,Madurai,5G,Macro,300.73,175504,1738,0.991,151.87,33.25,36.83,189.7,99.561,5.9,239.37
2025-03-01,T008,Tamil Nadu,South,Madurai,5G,Macro,304.96,168591,1623,0.963,138.68,38.99,26.49,86.0,99.801,7.1,220.84
2025-04-01,T008,Tamil Nadu,South,Madurai,5G,Macro,311.16,147714,836,0.566,140.8,35.38,33.6,389.3,99.099,6.6,265.79
2025-05-01,T008,Tamil Nadu,South,Madurai,5G,Macro,296.56,123206,1389,1.128,128.25,33.71,30.85,185.3,99.571,3.8,213.02
2025-06-01,T008,Tamil Nadu,South,Madurai,5G,Macro,256.97,212667,1916,0.901,146.31,32.73,32.37,289.9,99.329,6.1,232.12
2025-07-01,T008,Tamil Nadu,South,Madurai,5G,Macro,300.69,222919,2021,0.907,116.0,28.97,38.72,270.1,99.375,9.2,212.64
2025-08-01,T008,Tamil Nadu,South,Madurai,5G,Macro,245.02,109043,905,0.831,150.01,38.19,12.37,500.5,98.841,4.2,170.68
2025-09-01,T008,Tamil Nadu,South,Madurai,5G,Macro,283.75,225020,2476,1.101,147.23,28.0,25.12,185.4,99.571,3.8,226.89
2025-10-01,T008,Tamil Nadu,South,Madurai,5G,Macro,320.97,137165,1295,0.944,111.87,28.76,30.74,307.9,99.287,3.2,293.8
2025-11-01,T008,Tamil Nadu,South,Madurai,5G,Macro,277.11,227070,1757,0.774,154.18,43.22,28.25,353.9,99.181,8.0,195.5
2025-12-01,T008,Tamil Nadu,South,Madurai,5G,Macro,242.4,107125,1104,1.031,132.86,38.46,28.76,382.1,99.116,7.9,211.41
2026-01-01,T008,Tamil Nadu,South,Madurai,5G,Macro,269.96,137993,1764,1.279,133.67,34.34,31.77,278.0,99.357,9.6,194.92
2026-02-01,T008,Tamil Nadu,South,Madurai,5G,Macro,205.6,66728,713,1.07,127.26,26.04,26.18,396.7,99.082,3.6,165.32
2026-03-01,T008,Tamil Nadu,South,Madurai,5G,Macro,258.89,120075,1086,0.905,164.16,35.35,22.83,285.3,99.34,3.3,198.36
2026-04-01,T008,Tamil Nadu,South,Madurai,5G,Macro,279.13,144692,1457,1.007,182.13,38.1,20.34,262.9,99.391,4.5,245.47
2026-05-01,T008,Tamil Nadu,South,Madurai,5G,Macro,263.63,252963,2607,1.031,137.47,37.75,28.94,217.1,99.498,8.4,242.6
2026-06-01,T008,Tamil Nadu,South,Madurai,5G,Macro,237.92,132381,1767,1.335,114.63,32.54,28.0,505.1,98.831,4.1,192.93
2025-01-01,T009,Tamil Nadu,South,Salem,5G,Rooftop,198.19,153044,1987,1.299,142.33,37.51,28.78,164.9,99.618,4.5,182.04
2025-02-01,T009,Tamil Nadu,South,Salem,5G,Rooftop,177.77,100497,1182,1.177,161.57,36.26,35.8,200.9,99.535,5.0,138.21
2025-03-01,T009,Tamil Nadu,South,Salem,5G,Rooftop,166.08,85953,765,0.891,110.93,26.42,29.14,330.9,99.234,4.3,116.44
2025-04-01,T009,Tamil Nadu,South,Salem,5G,Rooftop,183.04,74816,850,1.136,112.22,27.5,32.61,316.9,99.266,7.4,149.94
2025-05-01,T009,Tamil Nadu,South,Salem,5G,Rooftop,165.05,192823,2320,1.203,142.99,39.13,29.17,247.1,99.428,4.6,145.83
2025-06-01,T009,Tamil Nadu,South,Salem,5G,Rooftop,195.15,163914,1545,0.943,174.51,40.39,27.44,204.0,99.528,5.1,176.45
2025-07-01,T009,Tamil Nadu,South,Salem,5G,Rooftop,208.0,142436,2285,1.605,140.31,38.83,23.22,498.5,98.846,6.8,176.12
2025-08-01,T009,Tamil Nadu,South,Salem,5G,Rooftop,186.81,229818,1954,0.85,155.92,32.64,35.72,464.3,98.925,5.3,139.51
2025-09-01,T009,Tamil Nadu,South,Salem,5G,Rooftop,193.5,251991,3301,1.31,111.54,31.35,30.6,500.3,98.842,8.8,156.8
2025-10-01,T009,Tamil Nadu,South,Salem,5G,Rooftop,193.11,157088,1262,0.804,148.81,38.79,27.39,263.9,99.389,5.3,176.59
2025-11-01,T009,Tamil Nadu,South,Salem,5G,Rooftop,190.05,219953,2189,0.996,126.01,34.51,21.04,393.6,99.089,5.2,166.17
2025-12-01,T009,Tamil Nadu,South,Salem,5G,Rooftop,164.63,66127,561,0.85,110.14,24.27,27.56,395.0,99.086,6.7,152.83
2026-01-01,T009,Tamil Nadu,South,Salem,5G,Rooftop,179.5,122208,1161,0.95,150.84,34.04,35.61,278.8,99.355,7.1,145.68
2026-02-01,T009,Tamil Nadu,South,Salem,5G,Rooftop,170.57,143759,1515,1.054,117.73,26.57,26.58,463.7,98.927,7.3,155.35
2026-03-01,T009,Tamil Nadu,South,Salem,5G,Rooftop,204.71,77326,682,0.882,160.24,32.32,33.03,290.1,99.328,3.0,178.59
2026-04-01,T009,Tamil Nadu,South,Salem,5G,Rooftop,165.95,208968,1313,0.629,112.98,25.86,28.32,407.8,99.056,5.2,153.57
2026-05-01,T009,Tamil Nadu,South,Salem,5G,Rooftop,197.65,215661,2204,1.022,140.36,38.01,21.19,387.3,99.104,4.3,173.65
2026-06-01,T009,Tamil Nadu,South,Salem,5G,Rooftop,205.85,203014,2087,1.028,123.55,31.23,28.34,428.2,99.009,6.2,168.89
2025-01-01,T010,Tamil Nadu,South,Salem,5G,Rooftop,204.46,223271,2168,0.971,138.37,38.56,37.01,485.5,98.876,4.9,179.81
2025-02-01,T010,Tamil Nadu,South,Salem,5G,Rooftop,227.68,121954,881,0.723,150.44,37.38,25.71,270.5,99.374,2.8,192.18
2025-03-01,T010,Tamil Nadu,South,Salem,5G,Rooftop,194.43,203198,1469,0.723,109.67,23.35,24.96,290.1,99.329,2.0,136.65
2025-04-01,T010,Tamil Nadu,South,Salem,5G,Rooftop,157.08,78673,772,0.983,137.47,29.54,24.2,434.2,98.995,2.3,118.87
2025-05-01,T010,Tamil Nadu,South,Salem,5G,Rooftop,221.42,183796,710,0.387,118.62,21.95,35.57,478.9,98.891,0.6,202.61
2025-06-01,T010,Tamil Nadu,South,Salem,5G,Rooftop,228.3,194132,1931,0.995,126.66,24.02,27.95,460.4,98.934,7.2,211.66
2025-07-01,T010,Tamil Nadu,South,Salem,5G,Rooftop,260.18,151377,1757,1.161,158.99,41.84,25.43,410.3,99.05,3.1,241.47
2025-08-01,T010,Tamil Nadu,South,Salem,5G,Rooftop,205.57,169627,1569,0.925,158.34,39.37,13.05,337.1,99.22,2.0,154.27
2025-09-01,T010,Tamil Nadu,South,Salem,5G,Rooftop,208.39,120196,1041,0.866,132.81,28.69,30.04,396.9,99.081,2.1,152.89
2025-10-01,T010,Tamil Nadu,South,Salem,5G,Rooftop,219.65,107758,1086,1.008,110.98,26.39,30.04,292.8,99.322,7.9,195.1
2025-11-01,T010,Tamil Nadu,South,Salem,5G,Rooftop,155.44,122016,856,0.702,148.52,28.39,17.3,421.9,99.023,2.8,107.67
2025-12-01,T010,Tamil Nadu,South,Salem,5G,Rooftop,205.5,84236,515,0.612,158.37,39.12,28.22,382.0,99.116,1.8,162.08
2026-01-01,T010,Tamil Nadu,South,Salem,5G,Rooftop,253.91,141210,887,0.629,152.17,40.18,32.68,221.6,99.487,1.6,229.27
2026-02-01,T010,Tamil Nadu,South,Salem,5G,Rooftop,174.9,200621,1603,0.799,136.95,33.23,26.68,291.2,99.326,2.5,161.64
2026-03-01,T010,Tamil Nadu,South,Salem,5G,Rooftop,210.51,223772,1453,0.649,158.72,35.64,10,259.7,99.399,0.9,144.35
2026-04-01,T010,Tamil Nadu,South,Salem,5G,Rooftop,222.27,165126,1692,1.025,145.17,36.68,26.77,560.3,98.703,8.1,196.22
2026-05-01,T010,Tamil Nadu,South,Salem,5G,Rooftop,243.43,188174,1627,0.865,148.87,31.53,27.03,270.8,99.373,0.6,166.34
2026-06-01,T010,Tamil Nadu,South,Salem,5G,Rooftop,232.25,78760,678,0.861,127.16,29.96,19.14,279.9,99.352,5.7,218.1
2025-01-01,T011,Karnataka,South,Bengaluru,5G,Rooftop,178.44,155810,1856,1.192,154.32,32.29,30.92,386.6,99.105,6.8,151.66
2025-02-01,T011,Karnataka,South,Bengaluru,5G,Rooftop,185.83,111776,1176,1.053,139.18,29.62,21.42,357.1,99.173,3.2,170.62
2025-03-01,T011,Karnataka,South,Bengaluru,5G,Rooftop,187.28,170714,1689,0.99,120.81,28.49,28.4,404.5,99.064,6.0,159.9
2025-04-01,T011,Karnataka,South,Bengaluru,5G,Rooftop,167.96,138376,1102,0.797,133.87,31.66,33.37,67.3,99.844,5.2,146.35
2025-05-01,T011,Karnataka,South,Bengaluru,5G,Rooftop,211.72,179145,2012,1.123,147.79,42.03,33.58,418.4,99.031,5.3,174.43
2025-06-01,T011,Karnataka,South,Bengaluru,5G,Rooftop,197.8,114642,1159,1.011,132.85,28.12,28.17,234.2,99.458,4.8,159.58
2025-07-01,T011,Karnataka,South,Bengaluru,5G,Rooftop,184.12,111597,709,0.636,142.87,36.19,24.1,313.5,99.274,4.9,153.07
2025-08-01,T011,Karnataka,South,Bengaluru,5G,Rooftop,186.8,174366,2385,1.368,177.13,32.58,32.25,542.4,98.744,4.6,131.71
2025-09-01,T011,Karnataka,South,Bengaluru,5G,Rooftop,199.14,150832,2286,1.516,126.64,23.18,22.72,113.9,99.736,5.0,147.64
2025-10-01,T011,Karnataka,South,Bengaluru,5G,Rooftop,161.42,231399,2676,1.157,140.11,33.97,27.77,275.5,99.362,5.5,142.82
2025-11-01,T011,Karnataka,South,Bengaluru,5G,Rooftop,192.48,130731,1152,0.881,141.29,36.48,29.7,118.6,99.725,4.2,132.94
2025-12-01,T011,Karnataka,South,Bengaluru,5G,Rooftop,179.15,254810,2124,0.834,161.34,41.51,24.17,416.9,99.035,3.2,127.36
2026-01-01,T011,Karnataka,South,Bengaluru,5G,Rooftop,198.28,197568,1826,0.925,138.54,27.01,25.77,316.3,99.268,4.7,161.78
2026-02-01,T011,Karnataka,South,Bengaluru,5G,Rooftop,142.04,230694,2905,1.26,152.07,27.44,29.51,517.2,98.803,5.6,130.96
2026-03-01,T011,Karnataka,South,Bengaluru,5G,Rooftop,186.43,253416,3266,1.289,158.97,31.16,35.24,559.3,98.705,9.5,158.67
2026-04-01,T011,Karnataka,South,Bengaluru,5G,Rooftop,203.46,227234,1873,0.824,158.59,31.81,29.21,288.9,99.331,8.7,176.49
2026-05-01,T011,Karnataka,South,Bengaluru,5G,Rooftop,226.61,252645,3024,1.197,111.78,25.72,28.29,406.8,99.058,5.4,159.79
2026-06-01,T011,Karnataka,South,Bengaluru,5G,Rooftop,178.73,102938,972,0.945,164.07,39.63,36.01,376.3,99.129,5.0,152.65
2025-01-01,T012,Karnataka,South,Bengaluru,5G,Small Cell,337.52,230551,2060,0.894,111.46,21.12,26.15,332.1,99.231,6.4,235.74
2025-02-01,T012,Karnataka,South,Bengaluru,5G,Small Cell,347.41,145052,1700,1.172,151.94,39.53,20.41,496.7,98.85,3.4,324.98
2025-03-01,T012,Karnataka,South,Bengaluru,5G,Small Cell,323.07,210024,2133,1.016,163.7,29.76,27.48,460.3,98.934,2.8,228.84
2025-04-01,T012,Karnataka,South,Bengaluru,5G,Small Cell,315.72,106309,1083,1.019,168.23,33.72,20.41,79.9,99.815,1.4,224.77
2025-05-01,T012,Karnataka,South,Bengaluru,5G,Small Cell,440.35,98416,950,0.965,139.58,37.91,19.66,226.0,99.477,4.4,344.81
2025-06-01,T012,Karnataka,South,Bengaluru,5G,Small Cell,383.47,250594,2643,1.055,137.3,36.44,21.29,214.4,99.504,1.0,310.88
2025-07-01,T012,Karnataka,South,Bengaluru,5G,Small Cell,337.78,100688,982,0.975,157.86,45.48,26.75,225.0,99.479,11.0,318.47
2025-08-01,T012,Karnataka,South,Bengaluru,5G,Small Cell,352.09,169392,1355,0.8,113.29,30.73,37.27,431.5,99.001,5.1,314.59
2025-09-01,T012,Karnataka,South,Bengaluru,5G,Small Cell,333.1,167926,1761,1.049,169.44,35.0,22.29,353.7,99.181,0.8,271.87
2025-10-01,T012,Karnataka,South,Bengaluru,5G,Small Cell,270.15,91902,779,0.849,126.76,34.98,30.42,411.3,99.048,2.2,231.51
2025-11-01,T012,Karnataka,South,Bengaluru,5G,Small Cell,363.75,259769,2558,0.985,153.25,40.77,27.15,275.4,99.362,1.3,267.71
2025-12-01,T012,Karnataka,South,Bengaluru,5G,Small Cell,397.6,239323,1943,0.812,165.25,32.34,19.8,154.1,99.643,1.3,375.7
2026-01-01,T012,Karnataka,South,Bengaluru,5G,Small Cell,306.39,192175,2081,1.083,152.19,31.74,14.0,415.2,99.039,2.3,252.92
2026-02-01,T012,Karnataka,South,Bengaluru,5G,Small Cell,268.89,235417,2596,1.103,167.18,46.29,25.8,398.9,99.077,0.9,223.6
2026-03-01,T012,Karnataka,South,Bengaluru,5G,Small Cell,277.57,91881,712,0.776,177.56,46.94,24.15,107.0,99.752,2.1,255.25
2026-04-01,T012,Karnataka,South,Bengaluru,5G,Small Cell,271.22,71350,781,1.096,191.14,41.06,27.98,350.5,99.189,1.1,201.6
2026-05-01,T012,Karnataka,South,Bengaluru,5G,Small Cell,376.67,111364,525,0.472,150.6,33.05,32.48,423.8,99.019,2.2,355.27
2026-06-01,T012,Karnataka,South,Bengaluru,5G,Small Cell,317.59,184666,1762,0.954,128.74,28.71,28.21,309.4,99.284,5.0,230.57
2025-01-01,T013,Karnataka,South,Bengaluru,4G,Rooftop,182.71,240838,3128,1.299,62.14,13.13,48.57,204.6,99.526,5.8,2.28
2025-02-01,T013,Karnataka,South,Bengaluru,4G,Rooftop,223.11,251208,4300,1.712,63.2,14.68,41.42,423.7,99.019,5.7,0.56
2025-03-01,T013,Karnataka,South,Bengaluru,4G,Rooftop,175.81,192653,3074,1.596,42.57,11.19,49.0,327.1,99.243,5.9,8.01
2025-04-01,T013,Karnataka,South,Bengaluru,4G,Rooftop,219.8,130689,1669,1.277,29.86,6.82,38.79,352.0,99.185,9.9,5.75
2025-05-01,T013,Karnataka,South,Bengaluru,4G,Rooftop,196.24,182235,2725,1.496,52.46,11.2,39.41,324.4,99.249,8.7,2.57
2025-06-01,T013,Karnataka,South,Bengaluru,4G,Rooftop,213.42,166400,1933,1.162,33.94,6.37,38.61,309.6,99.283,5.0,1.19
2025-07-01,T013,Karnataka,South,Bengaluru,4G,Rooftop,207.11,96887,1401,1.446,36.2,9.11,35.16,306.2,99.291,3.5,0.53
2025-08-01,T013,Karnataka,South,Bengaluru,4G,Rooftop,190.91,213118,3879,1.82,34.37,9.38,52.16,423.2,99.02,10.6,7.86
2025-09-01,T013,Karnataka,South,Bengaluru,4G,Rooftop,207.6,173532,2923,1.685,80.37,21.27,46.44,282.4,99.346,5.1,1.81
2025-10-01,T013,Karnataka,South,Bengaluru,4G,Rooftop,206.93,243088,2979,1.226,41.56,9.85,48.03,232.2,99.462,5.1,3.21
2025-11-01,T013,Karnataka,South,Bengaluru,4G,Rooftop,182.99,188819,2675,1.417,36.6,9.1,36.59,370.7,99.142,3.5,0.69
2025-12-01,T013,Karnataka,South,Bengaluru,4G,Rooftop,200.51,88616,1236,1.395,53.01,14.63,37.77,219.2,99.493,3.4,6.94
2026-01-01,T013,Karnataka,South,Bengaluru,4G,Rooftop,169.52,208048,2900,1.394,54.37,12.33,44.19,274.1,99.365,7.6,4.36
2026-02-01,T013,Karnataka,South,Bengaluru,4G,Rooftop,171.95,131735,1594,1.21,48.59,10.11,38.57,226.6,99.475,3.5,7.51
2026-03-01,T013,Karnataka,South,Bengaluru,4G,Rooftop,190.79,126058,1866,1.481,77.91,15.7,44.61,308.2,99.287,5.7,4.14
2026-04-01,T013,Karnataka,South,Bengaluru,4G,Rooftop,183.31,138149,2215,1.603,41.23,11.26,41.22,147.6,99.658,5.1,1.94
2026-05-01,T013,Karnataka,South,Bengaluru,4G,Rooftop,151.29,86069,1207,1.402,38.37,7.6,35.92,412.9,99.044,6.0,2.7
2026-06-01,T013,Karnataka,South,Bengaluru,4G,Rooftop,220.59,131718,1857,1.41,27.27,5.29,49.05,502.5,98.837,10.1,4.24
2025-01-01,T014,Karnataka,South,Bengaluru,4G,Macro,101.63,68434,839,1.226,62.32,13.33,46.81,475.2,98.9,4.7,1.36
2025-02-01,T014,Karnataka,South,Bengaluru,4G,Macro,110.95,201780,3072,1.523,38.14,10.99,42.91,8.6,99.98,5.7,2.47
2025-03-01,T014,Karnataka,South,Bengaluru,4G,Macro,117.81,211006,3232,1.532,22.4,5.39,45.17,142.4,99.67,7.6,0.29
2025-04-01,T014,Karnataka,South,Bengaluru,4G,Macro,105.55,255361,2595,1.016,50.06,13.08,43.72,294.5,99.318,7.3,0.71
2025-05-01,T014,Karnataka,South,Bengaluru,4G,Macro,118.18,129804,1977,1.523,51.49,12.37,39.5,308.8,99.285,3.0,1.96
2025-06-01,T014,Karnataka,South,Bengaluru,4G,Macro,77.43,258807,3413,1.319,45.53,13.0,37.66,534.8,98.762,6.4,2.14
2025-07-01,T014,Karnataka,South,Bengaluru,4G,Macro,82.41,232282,2697,1.161,33.09,7.93,37.07,425.2,99.016,4.1,0.04
2025-08-01,T014,Karnataka,South,Bengaluru,4G,Macro,91.3,181391,2264,1.249,72.3,20.24,40.88,412.5,99.045,2.9,4.53
2025-09-01,T014,Karnataka,South,Bengaluru,4G,Macro,99.27,256241,3961,1.546,55.55,10.96,48.93,372.8,99.137,7.5,3.59
2025-10-01,T014,Karnataka,South,Bengaluru,4G,Macro,83.23,207318,2892,1.395,47.7,11.91,43.89,302.0,99.301,5.4,0.67
2025-11-01,T014,Karnataka,South,Bengaluru,4G,Macro,98.94,177786,2692,1.515,39.14,8.22,37.19,437.3,98.988,6.8,2.43
2025-12-01,T014,Karnataka,South,Bengaluru,4G,Macro,90.65,236579,3164,1.338,56.99,14.64,36.91,300.0,99.305,6.0,2.71
2026-01-01,T014,Karnataka,South,Bengaluru,4G,Macro,86.97,119994,1503,1.253,52.49,13.68,52.75,503.9,98.834,7.4,2.46
2026-02-01,T014,Karnataka,South,Bengaluru,4G,Macro,92.33,102278,1615,1.58,43.76,10.73,41.95,189.1,99.562,5.4,4.16
2026-03-01,T014,Karnataka,South,Bengaluru,4G,Macro,97.3,109324,1205,1.103,54.89,9.94,48.16,329.7,99.237,3.9,0.82
2026-04-01,T014,Karnataka,South,Bengaluru,4G,Macro,91.05,161890,2087,1.29,67.95,14.13,48.29,402.7,99.068,5.1,0.92
2026-05-01,T014,Karnataka,South,Bengaluru,4G,Macro,113.51,190594,3378,1.772,66.23,17.5,42.76,525.4,98.784,4.8,4.54
2026-06-01,T014,Karnataka,South,Bengaluru,4G,Macro,118.29,158088,2170,1.373,53.3,11.48,43.89,422.5,99.022,9.3,4.98
2025-01-01,T015,Karnataka,South,Mysuru,5G,Macro,211.57,216491,2264,1.046,147.55,28.67,12.01,472.1,98.907,1.7,196.63
2025-02-01,T015,Karnataka,South,Mysuru,5G,Macro,247.96,191765,2216,1.156,153.9,27.98,30.79,477.2,98.895,6.3,199.58
2025-03-01,T015,Karnataka,South,Mysuru,5G,Macro,232.11,161618,1213,0.751,149.65,34.45,23.8,406.8,99.058,0.8,195.49
2025-04-01,T015,Karnataka,South,Mysuru,5G,Macro,258.22,208950,1627,0.779,169.07,46.56,30.58,284.9,99.34,1.9,214.27
2025-05-01,T015,Karnataka,South,Mysuru,5G,Macro,218.68,97274,955,0.983,134.62,25.48,30.51,371.9,99.139,1.0,162.95
2025-06-01,T015,Karnataka,South,Mysuru,5G,Macro,248.52,193827,1844,0.952,111.01,22.73,34.14,387.5,99.103,6.7,236.07
2025-07-01,T015,Karnataka,South,Mysuru,5G,Macro,202.15,100639,807,0.803,152.4,39.17,25.12,312.0,99.278,3.6,149.11
2025-08-01,T015,Karnataka,South,Mysuru,5G,Macro,234.15,162992,1966,1.206,166.54,37.85,18.58,460.6,98.934,3.1,181.13
2025-09-01,T015,Karnataka,South,Mysuru,5G,Macro,229.91,77380,615,0.795,143.99,28.97,22.81,270.2,99.375,1.1,214.69
2025-10-01,T015,Karnataka,South,Mysuru,5G,Macro,221.92,258306,3356,1.299,122.92,30.95,28.88,551.0,98.724,1.8,173.06
2025-11-01,T015,Karnataka,South,Mysuru,5G,Macro,184.44,237183,1578,0.666,139.27,25.93,18.25,459.7,98.936,6.4,164.77
2025-12-01,T015,Karnataka,South,Mysuru,5G,Macro,251.79,231960,2118,0.913,156.85,41.83,23.69,423.5,99.02,0.5,237.82
2026-01-01,T015,Karnataka,South,Mysuru,5G,Macro,249.92,75183,709,0.944,115.01,21.91,36.49,287.4,99.335,5.8,225.79
2026-02-01,T015,Karnataka,South,Mysuru,5G,Macro,272.86,226720,1851,0.817,155.55,28.35,20.32,338.8,99.216,1.6,218.19
2026-03-01,T015,Karnataka,South,Mysuru,5G,Macro,287.57,152201,1711,1.124,173.94,46.59,23.59,397.3,99.08,1.4,217.84
2026-04-01,T015,Karnataka,South,Mysuru,5G,Macro,207.55,190966,1410,0.738,136.45,29.74,23.37,259.8,99.399,5.2,168.45
2026-05-01,T015,Karnataka,South,Mysuru,5G,Macro,265.84,251971,1914,0.76,112.82,23.54,28.36,430.3,99.004,5.7,204.99
2026-06-01,T015,Karnataka,South,Mysuru,5G,Macro,216.98,108003,1052,0.975,103.37,19.73,35.22,282.6,99.346,7.3,155.92
2025-01-01,T016,Karnataka,South,Mysuru,5G,Macro,281.19,154033,1235,0.802,147.97,36.8,31.37,460.7,98.934,3.9,214.03
2025-02-01,T016,Karnataka,South,Mysuru,5G,Macro,240.72,236923,2412,1.018,98.12,21.92,26.6,470.0,98.912,9.1,180.07
2025-03-01,T016,Karnataka,South,Mysuru,5G,Macro,264.71,141350,1275,0.902,161.4,41.27,26.96,380.0,99.12,2.0,188.57
2025-04-01,T016,Karnataka,South,Mysuru,5G,Macro,274.71,234132,2432,1.039,165.95,45.69,24.26,245.4,99.432,2.8,188.29
2025-05-01,T016,Karnataka,South,Mysuru,5G,Macro,296.52,108738,743,0.684,141.02,37.75,27.51,114.6,99.735,3.1,204.03
2025-06-01,T016,Karnataka,South,Mysuru,5G,Macro,243.34,178076,1792,1.007,154.99,36.06,23.78,241.2,99.442,3.5,229.61
2025-07-01,T016,Karnataka,South,Mysuru,5G,Macro,357.31,132252,1186,0.897,151.25,40.56,27.39,542.0,98.745,2.9,281.98
2025-08-01,T016,Karnataka,South,Mysuru,5G,Macro,275.76,156538,1563,0.999,172.43,42.83,35.35,341.1,99.21,4.6,241.68
2025-09-01,T016,Karnataka,South,Mysuru,5G,Macro,320.59,79232,413,0.521,114.94,27.39,26.43,298.7,99.309,3.2,254.01
2025-10-01,T016,Karnataka,South,Mysuru,5G,Macro,325.61,216715,2296,1.06,175.38,32.26,17.94,177.8,99.588,2.0,267.91
2025-11-01,T016,Karnataka,South,Mysuru,5G,Macro,334.67,124046,999,0.806,151.66,36.74,26.06,338.0,99.217,3.7,304.6
2025-12-01,T016,Karnataka,South,Mysuru,5G,Macro,287.21,108944,1049,0.964,138.48,37.29,27.89,329.0,99.239,8.0,203.63
2026-01-01,T016,Karnataka,South,Mysuru,5G,Macro,249.45,71247,784,1.101,129.34,36.83,24.39,276.9,99.359,3.4,184.33
2026-02-01,T016,Karnataka,South,Mysuru,5G,Macro,255.79,252787,1319,0.522,140.53,35.58,19.48,236.0,99.454,3.5,215.38
2026-03-01,T016,Karnataka,South,Mysuru,5G,Macro,256.04,244199,2276,0.932,139.19,27.91,30.18,363.5,99.159,7.3,181.06
2026-04-01,T016,Karnataka,South,Mysuru,5G,Macro,288.27,169111,1232,0.729,172.45,45.77,16.1,144.9,99.665,1.1,203.13
2026-05-01,T016,Karnataka,South,Mysuru,5G,Macro,319.23,254928,2232,0.876,171.73,31.94,31.05,483.6,98.881,5.4,227.2
2026-06-01,T016,Karnataka,South,Mysuru,5G,Macro,281.82,75297,819,1.089,155.74,33.18,19.79,478.9,98.891,3.7,237.33
2025-01-01,T017,Karnataka,South,Mangaluru,4G,Macro,93.88,197530,2502,1.267,47.27,11.38,39.3,225.0,99.479,1.8,3.15
2025-02-01,T017,Karnataka,South,Mangaluru,4G,Macro,67.4,243298,3647,1.499,48.94,10.99,48.09,279.4,99.353,1.3,1.74
2025-03-01,T017,Karnataka,South,Mangaluru,4G,Macro,108.64,86150,1150,1.336,54.09,11.92,33.28,252.4,99.416,1.3,5.37
2025-04-01,T017,Karnataka,South,Mangaluru,4G,Macro,87.47,225370,2639,1.171,63.49,13.36,40.71,202.1,99.532,0.5,4.18
2025-05-01,T017,Karnataka,South,Mangaluru,4G,Macro,77.03,192817,2272,1.178,66.4,16.65,38.18,486.3,98.874,2.8,0.85
2025-06-01,T017,Karnataka,South,Mangaluru,4G,Macro,75.25,162362,2783,1.715,41.28,11.21,39.77,393.1,99.09,8.1,1.31
2025-07-01,T017,Karnataka,South,Mangaluru,4G,Macro,77.2,209046,2731,1.307,50.47,14.6,41.4,244.4,99.434,2.9,1.91
2025-08-01,T017,Karnataka,South,Mangaluru,4G,Macro,80.52,77413,872,1.127,71.42,15.7,42.79,402.0,99.069,0.2,2.85
2025-09-01,T017,Karnataka,South,Mangaluru,4G,Macro,85.07,193656,2388,1.234,35.2,7.72,44.82,410.7,99.049,5.1,0.84
2025-10-01,T017,Karnataka,South,Mangaluru,4G,Macro,113.93,86224,1375,1.595,64.77,13.17,42.77,61.0,99.859,3.0,1.62
2025-11-01,T017,Karnataka,South,Mangaluru,4G,Macro,80.21,130187,1548,1.189,61.09,12.64,41.26,416.5,99.036,2.4,2.51
2025-12-01,T017,Karnataka,South,Mangaluru,4G,Macro,93.62,220709,2913,1.32,64.81,15.44,33.29,286.7,99.336,0.4,0.1
2026-01-01,T017,Karnataka,South,Mangaluru,4G,Macro,84.19,231023,3559,1.541,39.94,10.02,42.77,425.9,99.014,3.4,1.34
2026-02-01,T017,Karnataka,South,Mangaluru,4G,Macro,87.67,181285,2703,1.491,66.33,15.0,38.04,488.2,98.87,4.9,1.93
2026-03-01,T017,Karnataka,South,Mangaluru,4G,Macro,81.25,161986,2547,1.573,57.21,12.22,42.84,189.8,99.561,3.5,3.0
2026-04-01,T017,Karnataka,South,Mangaluru,4G,Macro,87.39,145861,1839,1.261,20.63,4.9,31.55,42.4,99.902,1.1,2.6
2026-05-01,T017,Karnataka,South,Mangaluru,4G,Macro,85.35,144472,2581,1.787,8,3,38.26,82.5,99.809,1.2,2.61
2026-06-01,T017,Karnataka,South,Mangaluru,4G,Macro,94.91,242735,3639,1.499,66.75,15.77,39.62,313.8,99.274,4.6,3.24
2025-01-01,T018,Karnataka,South,Mangaluru,5G,Rooftop,171.29,191846,1967,1.026,149.89,38.82,25.46,258.1,99.403,4.7,124.38
2025-02-01,T018,Karnataka,South,Mangaluru,5G,Rooftop,142.3,141862,1622,1.144,118.36,28.27,19.38,321.1,99.257,5.0,114.8
2025-03-01,T018,Karnataka,South,Mangaluru,5G,Rooftop,165.68,119087,1004,0.844,144.23,40.41,30.2,76.3,99.823,4.3,141.85
2025-04-01,T018,Karnataka,South,Mangaluru,5G,Rooftop,148.2,136440,1117,0.819,170.16,43.02,29.87,346.4,99.198,3.5,136.25
2025-05-01,T018,Karnataka,South,Mangaluru,5G,Rooftop,124.56,104215,721,0.692,149.97,37.28,24.06,360.5,99.165,4.2,116.9
2025-06-01,T018,Karnataka,South,Mangaluru,5G,Rooftop,166.85,84417,629,0.746,150.16,40.35,29.1,336.0,99.222,4.0,151.16
2025-07-01,T018,Karnataka,South,Mangaluru,5G,Rooftop,163.58,238244,2045,0.858,132.28,31.08,29.35,207.1,99.521,4.6,155.32
2025-08-01,T018,Karnataka,South,Mangaluru,5G,Rooftop,147.87,222445,2078,0.934,153.1,27.95,31.52,332.1,99.231,5.6,123.3
2025-09-01,T018,Karnataka,South,Mangaluru,5G,Rooftop,134.05,198851,969,0.488,145.49,29.96,32.02,394.8,99.086,4.9,118.91
2025-10-01,T018,Karnataka,South,Mangaluru,5G,Rooftop,141.1,219348,2510,1.145,167.17,47.35,32.7,377.9,99.125,4.5,132.9
2025-11-01,T018,Karnataka,South,Mangaluru,5G,Rooftop,110.97,71521,508,0.711,112.91,21.21,30.67,364.2,99.157,7.0,80.75
2025-12-01,T018,Karnataka,South,Mangaluru,5G,Rooftop,148.95,243906,1875,0.769,143.1,27.55,30.02,514.0,98.81,4.4,110.39
2026-01-01,T018,Karnataka,South,Mangaluru,5G,Rooftop,126.22,114062,866,0.76,117.61,31.6,31.78,255.8,99.408,3.2,101.33
2026-02-01,T018,Karnataka,South,Mangaluru,5G,Rooftop,152.51,186776,1693,0.907,146.18,35.48,21.43,338.6,99.216,4.3,110.75
2026-03-01,T018,Karnataka,South,Mangaluru,5G,Rooftop,159.46,80326,635,0.791,133.46,35.09,29.5,178.8,99.586,6.5,113.14
2026-04-01,T018,Karnataka,South,Mangaluru,5G,Rooftop,170.13,96849,968,1.0,140.44,35.35,26.97,205.9,99.523,5.5,116.09
2026-05-01,T018,Karnataka,South,Mangaluru,5G,Rooftop,153.95,221722,2272,1.025,99.5,18.06,19.42,301.1,99.303,5.1,119.39
2026-06-01,T018,Karnataka,South,Mangaluru,5G,Rooftop,174.08,177331,2215,1.249,145.84,40.35,28.4,495.7,98.853,5.5,159.73
2025-01-01,T019,Telangana,South,Hyderabad,5G,Macro,279.78,125472,1434,1.143,130.62,31.14,25.98,251.5,99.418,1.1,251.68
2025-02-01,T019,Telangana,South,Hyderabad,5G,Macro,292.82,186870,1470,0.787,154.37,37.92,21.29,356.2,99.176,1.7,224.38
2025-03-01,T019,Telangana,South,Hyderabad,5G,Macro,274.25,178861,1839,1.028,151.55,41.73,24.48,390.3,99.097,5.4,246.02
2025-04-01,T019,Telangana,South,Hyderabad,5G,Macro,284.9,159482,1831,1.148,131.04,24.61,23.3,444.8,98.97,3.7,197.09
2025-05-01,T019,Telangana,South,Hyderabad,5G,Macro,291.88,208456,2055,0.986,153.71,40.62,18.41,198.6,99.54,3.2,228.0
2025-06-01,T019,Telangana,South,Hyderabad,5G,Macro,324.46,106575,676,0.635,159.48,32.71,20.46,110.7,99.744,1.0,246.23
2025-07-01,T019,Telangana,South,Hyderabad,5G,Macro,266.65,156013,1058,0.679,140.78,36.57,15.56,278.8,99.355,2.0,234.62
2025-08-01,T019,Telangana,South,Hyderabad,5G,Macro,354.57,210189,1695,0.806,164.19,43.62,18.02,119.4,99.724,3.5,323.6
2025-09-01,T019,Telangana,South,Hyderabad,5G,Macro,317.66,112954,1015,0.899,146.16,39.19,14.98,450.2,98.958,2.2,270.47
2025-10-01,T019,Telangana,South,Hyderabad,5G,Macro,281.94,99385,985,0.992,179.53,33.38,19.95,430.5,99.004,2.1,218.4
2025-11-01,T019,Telangana,South,Hyderabad,5G,Macro,355.21,238056,3195,1.342,158.51,41.93,30.24,404.1,99.065,5.5,247.15
2025-12-01,T019,Telangana,South,Hyderabad,5G,Macro,351.3,236493,2780,1.176,125.09,31.54,20.95,159.9,99.63,4.0,274.35
2026-01-01,T019,Telangana,South,Hyderabad,5G,Macro,299.23,127788,1603,1.255,154.58,31.17,23.52,55.8,99.871,1.6,258.72
2026-02-01,T019,Telangana,South,Hyderabad,5G,Macro,349.16,106744,781,0.732,121.42,32.81,21.58,306.2,99.291,3.7,299.19
2026-03-01,T019,Telangana,South,Hyderabad,5G,Macro,276.73,76078,736,0.969,130.68,29.16,24.5,60.8,99.859,1.7,252.59
2026-04-01,T019,Telangana,South,Hyderabad,5G,Macro,314.99,150138,1666,1.11,178.33,41.87,31.89,149.0,99.655,2.2,243.08
2026-05-01,T019,Telangana,South,Hyderabad,5G,Macro,362.48,66781,608,0.911,173.09,32.83,29.63,208.5,99.517,2.3,300.91
2026-06-01,T019,Telangana,South,Hyderabad,5G,Macro,334.1,221966,2692,1.213,132.29,26.59,28.89,276.6,99.36,5.5,252.37
2025-01-01,T020,Telangana,South,Hyderabad,5G,Macro,312.74,169044,1423,0.842,103.39,28.46,26.52,294.4,99.319,3.0,238.42
2025-02-01,T020,Telangana,South,Hyderabad,5G,Macro,298.96,103431,979,0.947,150.79,28.54,28.34,208.3,99.518,4.6,262.19
2025-03-01,T020,Telangana,South,Hyderabad,5G,Macro,310.17,140095,1449,1.035,158.98,36.41,31.29,521.0,98.794,4.8,286.18
2025-04-01,T020,Telangana,South,Hyderabad,5G,Macro,215.46,226434,2606,1.151,150.39,38.76,27.86,239.1,99.447,6.1,192.15
2025-05-01,T020,Telangana,South,Hyderabad,5G,Macro,319.43,216710,2266,1.046,148.47,33.77,21.04,324.9,99.248,2.9,260.34
2025-06-01,T020,Telangana,South,Hyderabad,5G,Macro,261.83,90669,946,1.044,136.23,27.44,20.14,348.7,99.193,2.2,185.39
2025-07-01,T020,Telangana,South,Hyderabad,5G,Macro,249.83,85182,700,0.822,124.26,34.71,24.63,213.7,99.505,1.4,188.17
2025-08-01,T020,Telangana,South,Hyderabad,5G,Macro,359.7,112321,1024,0.912,124.74,30.68,26.99,292.5,99.323,1.6,309.35
2025-09-01,T020,Telangana,South,Hyderabad,5G,Macro,303.29,115351,998,0.865,136.18,26.11,23.5,452.4,98.953,2.4,267.56
2025-10-01,T020,Telangana,South,Hyderabad,5G,Macro,263.55,188217,1475,0.784,160.12,33.55,23.77,156.8,99.637,1.9,217.82
2025-11-01,T020,Telangana,South,Hyderabad,5G,Macro,265.22,200792,1796,0.895,156.94,44.99,23.5,245.2,99.432,3.3,186.8
2025-12-01,T020,Telangana,South,Hyderabad,5G,Macro,301.06,219114,1972,0.9,144.38,28.8,28.57,102.8,99.762,8.6,209.05
2026-01-01,T020,Telangana,South,Hyderabad,5G,Macro,330.65,71324,614,0.862,147.74,30.0,25.27,252.5,99.416,6.5,287.52
2026-02-01,T020,Telangana,South,Hyderabad,5G,Macro,247.36,185569,1401,0.755,171.53,31.35,28.49,336.6,99.221,7.3,204.94
2026-03-01,T020,Telangana,South,Hyderabad,5G,Macro,277.43,128641,1175,0.914,195.01,36.88,17.07,425.6,99.015,2.4,211.67
2026-04-01,T020,Telangana,South,Hyderabad,5G,Macro,256.57,177935,1806,1.015,146.31,30.81,23.19,518.6,98.799,5.1,199.18
2026-05-01,T020,Telangana,South,Hyderabad,5G,Macro,252.64,73433,620,0.845,137.45,37.14,30.93,285.8,99.338,3.2,179.31
2026-06-01,T020,Telangana,South,Hyderabad,5G,Macro,275.08,202120,1619,0.801,147.03,39.29,24.68,371.7,99.14,2.3,223.42
2025-01-01,T021,Telangana,South,Hyderabad,5G,Macro,287.29,250674,2679,1.069,140.11,30.82,31.84,420.3,99.027,4.4,247.03
2025-02-01,T021,Telangana,South,Hyderabad,5G,Macro,274.7,157604,1668,1.059,140.26,26.03,28.18,450.6,98.957,6.5,204.56
2025-03-01,T021,Telangana,South,Hyderabad,5G,Macro,217.65,113491,776,0.684,136.84,38.61,21.54,378.1,99.125,3.4,155.46
2025-04-01,T021,Telangana,South,Hyderabad,5G,Macro,269.98,162011,1834,1.132,127.99,33.89,31.04,690.6,98.401,10.0,204.54
2025-05-01,T021,Telangana,South,Hyderabad,5G,Macro,273.46,156206,1116,0.715,118.72,23.29,34.35,431.1,99.002,7.6,196.62
2025-06-01,T021,Telangana,South,Hyderabad,5G,Macro,270.77,235539,2348,0.997,128.72,35.53,26.13,422.4,99.022,4.3,198.61
2025-07-01,T021,Telangana,South,Hyderabad,5G,Macro,245.49,172681,1686,0.976,131.73,35.4,27.08,625.4,98.552,5.5,174.57
2025-08-01,T021,Telangana,South,Hyderabad,5G,Macro,276.6,66092,893,1.352,105.16,22.08,30.94,249.5,99.422,5.5,250.91
2025-09-01,T021,Telangana,South,Hyderabad,5G,Macro,290.15,251510,3019,1.201,140.68,32.36,31.26,443.3,98.974,6.6,217.22
2025-10-01,T021,Telangana,South,Hyderabad,5G,Macro,278.74,99592,617,0.62,127.79,25.76,21.13,516.7,98.804,5.2,197.33
2025-11-01,T021,Telangana,South,Hyderabad,5G,Macro,254.63,72218,653,0.905,160.99,37.75,25.09,326.4,99.244,4.1,196.17
2025-12-01,T021,Telangana,South,Hyderabad,5G,Macro,276.52,219370,2388,1.089,118.0,25.54,31.24,484.4,98.879,7.8,257.0
2026-01-01,T021,Telangana,South,Hyderabad,5G,Macro,270.39,72971,758,1.039,145.57,29.43,24.41,206.3,99.522,5.4,214.47
2026-02-01,T021,Telangana,South,Hyderabad,5G,Macro,249.97,199273,1602,0.804,118.9,24.64,25.48,296.5,99.314,6.0,207.85
2026-03-01,T021,Telangana,South,Hyderabad,5G,Macro,255.46,175336,1503,0.857,126.2,25.34,28.94,425.1,99.016,5.3,224.09
2026-04-01,T021,Telangana,South,Hyderabad,5G,Macro,286.49,228463,2092,0.916,156.22,34.4,32.78,366.9,99.151,5.3,271.0
2026-05-01,T021,Telangana,South,Hyderabad,5G,Macro,227.77,135072,1067,0.79,164.77,36.9,28.09,194.7,99.549,6.4,211.21
2026-06-01,T021,Telangana,South,Hyderabad,5G,Macro,271.96,98119,966,0.985,116.55,32.0,33.56,21.6,99.95,9.5,212.18
2025-01-01,T022,Telangana,South,Hyderabad,5G,Small Cell,136.54,181788,1930,1.062,145.5,35.45,23.51,272.5,99.369,0.3,120.22
2025-02-01,T022,Telangana,South,Hyderabad,5G,Small Cell,146.78,213226,2058,0.966,144.21,26.52,17.8,308.7,99.285,1.1,122.65
2025-03-01,T022,Telangana,South,Hyderabad,5G,Small Cell,156.21,128228,1472,1.149,157.3,31.21,27.04,194.5,99.55,1.4,131.59
2025-04-01,T022,Telangana,South,Hyderabad,5G,Small Cell,94.81,230011,2543,1.106,151.96,36.56,31.41,316.7,99.267,3.6,65.32
2025-05-01,T022,Telangana,South,Hyderabad,5G,Small Cell,126.34,245206,2267,0.925,193.6,49.38,25.72,176.1,99.592,3.0,105.91
2025-06-01,T022,Telangana,South,Hyderabad,5G,Small Cell,140.03,152760,1530,1.002,134.02,32.27,12.81,370.7,99.142,2.3,120.52
2025-07-01,T022,Telangana,South,Hyderabad,5G,Small Cell,134.12,136900,991,0.724,141.17,28.45,32.06,212.0,99.509,1.3,109.07
2025-08-01,T022,Telangana,South,Hyderabad,5G,Small Cell,151.96,134370,1297,0.965,154.87,30.0,22.01,413.1,99.044,3.6,143.89
2025-09-01,T022,Telangana,South,Hyderabad,5G,Small Cell,143.0,118967,1114,0.937,159.16,39.94,32.45,150.4,99.652,3.6,110.09
2025-10-01,T022,Telangana,South,Hyderabad,5G,Small Cell,144.43,99008,1100,1.111,145.24,27.36,24.21,254.3,99.411,2.0,114.21
2025-11-01,T022,Telangana,South,Hyderabad,5G,Small Cell,149.14,72986,835,1.145,148.98,28.56,24.09,309.2,99.284,5.6,104.35
2025-12-01,T022,Telangana,South,Hyderabad,5G,Small Cell,134.82,236484,2657,1.124,128.65,30.98,24.43,219.4,99.492,1.9,102.46
2026-01-01,T022,Telangana,South,Hyderabad,5G,Small Cell,179.95,247885,2514,1.014,154.9,37.35,30.17,485.4,98.876,3.1,140.97
2026-02-01,T022,Telangana,South,Hyderabad,5G,Small Cell,185.28,233653,723,0.31,146.99,31.7,21.43,384.5,99.11,1.7,144.42
2026-03-01,T022,Telangana,South,Hyderabad,5G,Small Cell,161.31,133202,1358,1.02,124.49,23.28,14.37,253.5,99.413,0.2,131.94
2026-04-01,T022,Telangana,South,Hyderabad,5G,Small Cell,124.19,258628,1815,0.702,152.27,43.9,30.52,257.4,99.404,2.7,93.26
2026-05-01,T022,Telangana,South,Hyderabad,5G,Small Cell,142.57,191372,1548,0.809,151.23,38.55,24.46,180.6,99.582,2.1,101.28
2026-06-01,T022,Telangana,South,Hyderabad,5G,Small Cell,158.87,69994,688,0.984,140.14,25.86,28.75,195.1,99.548,2.9,113.05
2025-01-01,T023,Telangana,South,Warangal,4G,Small Cell,120.13,105150,1363,1.297,23.97,6.84,43.93,298.0,99.31,2.4,5.54
2025-02-01,T023,Telangana,South,Warangal,4G,Small Cell,104.67,197197,3037,1.54,83.12,21.78,42.51,301.9,99.301,3.6,1.52
2025-03-01,T023,Telangana,South,Warangal,4G,Small Cell,138.82,143898,2232,1.551,48.77,9.12,41.76,297.3,99.312,2.2,5.33
2025-04-01,T023,Telangana,South,Warangal,4G,Small Cell,166.41,100989,1323,1.311,64.81,13.66,46.1,399.9,99.074,1.2,6.41
2025-05-01,T023,Telangana,South,Warangal,4G,Small Cell,146.23,204242,2422,1.186,20.62,4.26,36.55,241.4,99.441,2.5,0.41
2025-06-01,T023,Telangana,South,Warangal,4G,Small Cell,140.48,137388,1870,1.362,36.72,9.05,42.76,435.5,98.992,7.4,3.45
2025-07-01,T023,Telangana,South,Warangal,4G,Small Cell,143.95,87559,1222,1.396,36.41,9.91,38.72,313.3,99.275,7.8,5.75
2025-08-01,T023,Telangana,South,Warangal,4G,Small Cell,100.51,100814,1377,1.367,36.5,9.08,52.61,305.1,99.294,6.1,4.21
2025-09-01,T023,Telangana,South,Warangal,4G,Small Cell,112.91,125682,1869,1.488,61.07,13.2,40.34,353.7,99.181,3.9,4.42
2025-10-01,T023,Telangana,South,Warangal,4G,Small Cell,133.35,200085,2604,1.302,59.35,15.15,45.16,312.4,99.277,2.1,3.94
2025-11-01,T023,Telangana,South,Warangal,4G,Small Cell,95.55,229035,2857,1.248,58.51,10.92,44.11,267.7,99.38,1.5,0.96
2025-12-01,T023,Telangana,South,Warangal,4G,Small Cell,144.73,207543,1986,0.957,74.97,14.13,41.69,292.5,99.323,0.9,6.96
2026-01-01,T023,Telangana,South,Warangal,4G,Small Cell,130.13,240438,2357,0.98,75.64,17.23,35.89,374.5,99.133,1.9,1.03
2026-02-01,T023,Telangana,South,Warangal,4G,Small Cell,142.41,89473,1424,1.592,51.16,11.87,46.92,328.8,99.239,4.1,3.44
2026-03-01,T023,Telangana,South,Warangal,4G,Small Cell,108.99,124497,1989,1.598,50.1,12.62,39.8,387.8,99.102,0.8,0.68
2026-04-01,T023,Telangana,South,Warangal,4G,Small Cell,144.16,115420,1752,1.518,75.1,15.07,45.69,294.4,99.319,1.1,1.81
2026-05-01,T023,Telangana,South,Warangal,4G,Small Cell,129.46,132907,1776,1.337,39.53,9.5,41.13,318.9,99.262,3.0,3.11
2026-06-01,T023,Telangana,South,Warangal,4G,Small Cell,121.6,194420,2553,1.313,89.28,25.07,46.28,292.6,99.323,0.3,4.09
2025-01-01,T024,Telangana,South,Warangal,5G,Rooftop,208.51,201883,2388,1.183,145.93,28.59,34.85,220.4,99.49,4.9,144.16
2025-02-01,T024,Telangana,South,Warangal,5G,Rooftop,249.08,103802,1238,1.193,132.45,31.81,26.62,458.6,98.938,3.5,176.15
2025-03-01,T024,Telangana,South,Warangal,5G,Rooftop,251.1,174235,1128,0.648,165.76,39.71,23.94,249.5,99.422,0.7,222.7
2025-04-01,T024,Telangana,South,Warangal,5G,Rooftop,254.38,182605,1954,1.07,147.0,28.72,18.88,504.7,98.832,6.5,186.39
2025-05-01,T024,Telangana,South,Warangal,5G,Rooftop,239.74,123204,1468,1.192,151.64,28.29,16.86,285.5,99.339,0.6,184.7
2025-06-01,T024,Telangana,South,Warangal,5G,Rooftop,269.45,73327,967,1.319,137.8,25.2,18.43,391.4,99.094,1.2,235.2
2025-07-01,T024,Telangana,South,Warangal,5G,Rooftop,182.6,175903,1712,0.974,137.68,28.54,26.09,99.6,99.769,2.2,129.79
2025-08-01,T024,Telangana,South,Warangal,5G,Rooftop,318.86,237137,1324,0.558,132.55,27.13,17.26,329.2,99.238,3.0,293.91
2025-09-01,T024,Telangana,South,Warangal,5G,Rooftop,271.65,183963,1083,0.589,154.93,33.66,30.96,453.3,98.951,4.3,191.08
2025-10-01,T024,Telangana,South,Warangal,5G,Rooftop,200.94,71734,727,1.014,132.06,33.4,19.63,137.6,99.682,4.9,175.12
2025-11-01,T024,Telangana,South,Warangal,5G,Rooftop,279.71,217131,1844,0.849,142.25,41.01,31.64,364.3,99.157,2.7,259.5
2025-12-01,T024,Telangana,South,Warangal,5G,Rooftop,291.88,198842,1247,0.628,137.31,34.13,24.74,297.5,99.311,1.5,263.74
2026-01-01,T024,Telangana,South,Warangal,5G,Rooftop,228.74,228570,1583,0.693,143.09,34.84,28.16,244.4,99.434,0.6,207.16
2026-02-01,T024,Telangana,South,Warangal,5G,Rooftop,222.57,153150,1758,1.148,135.12,28.41,29.19,621.2,98.562,4.9,204.81
2026-03-01,T024,Telangana,South,Warangal,5G,Rooftop,271.51,138490,1462,1.056,158.45,33.65,31.08,164.9,99.618,3.6,201.24
2026-04-01,T024,Telangana,South,Warangal,5G,Rooftop,217.41,160404,1259,0.785,127.78,23.07,13.05,343.2,99.206,2.4,172.64
2026-05-01,T024,Telangana,South,Warangal,5G,Rooftop,251.7,215135,1476,0.687,144.24,29.62,27.14,207.7,99.519,1.4,202.87
2026-06-01,T024,Telangana,South,Warangal,5G,Rooftop,263.76,171306,1120,0.654,142.87,36.51,26.77,367.9,99.148,2.8,180.3
2025-01-01,T025,Kerala,South,Kochi,5G,Small Cell,119.88,130936,1251,0.956,150.44,28.47,26.57,249.8,99.422,5.1,100.64
2025-02-01,T025,Kerala,South,Kochi,5G,Small Cell,133.55,175815,922,0.525,137.25,31.5,26.84,243.5,99.436,1.4,108.2
2025-03-01,T025,Kerala,South,Kochi,5G,Small Cell,157.22,160191,883,0.552,155.32,31.96,24.54,172.9,99.6,1.9,126.55
2025-04-01,T025,Kerala,South,Kochi,5G,Small Cell,103.24,251743,2364,0.939,159.1,42.89,30.32,616.8,98.572,2.5,90.0
2025-05-01,T025,Kerala,South,Kochi,5G,Small Cell,136.27,223718,1822,0.815,130.61,28.85,20.86,281.8,99.348,1.4,117.88
2025-06-01,T025,Kerala,South,Kochi,5G,Small Cell,134.39,148106,1591,1.075,151.88,35.92,26.89,276.1,99.361,2.4,107.58
2025-07-01,T025,Kerala,South,Kochi,5G,Small Cell,126.3,120682,1127,0.935,172.38,40.85,27.89,165.0,99.618,3.2,108.2
2025-08-01,T025,Kerala,South,Kochi,5G,Small Cell,146.06,154641,1239,0.802,167.49,48.23,30.63,357.7,99.172,3.2,120.73
2025-09-01,T025,Kerala,South,Kochi,5G,Small Cell,146.05,176774,1343,0.76,117.36,21.16,22.54,316.6,99.267,5.5,134.14
2025-10-01,T025,Kerala,South,Kochi,5G,Small Cell,145.11,157726,1309,0.83,125.76,29.3,33.64,451.0,98.956,2.7,123.6
2025-11-01,T025,Kerala,South,Kochi,5G,Small Cell,156.52,241610,3122,1.292,145.76,41.85,28.3,314.1,99.273,4.8,130.86
2025-12-01,T025,Kerala,South,Kochi,5G,Small Cell,136.2,224408,2520,1.123,143.18,26.46,24.41,276.8,99.359,7.1,102.89
2026-01-01,T025,Kerala,South,Kochi,5G,Small Cell,129.88,107391,987,0.919,126.49,26.68,26.46,344.8,99.202,0.8,91.97
2026-02-01,T025,Kerala,South,Kochi,5G,Small Cell,143.44,134447,1188,0.884,141.31,26.06,27.96,201.9,99.533,1.9,99.99
2026-03-01,T025,Kerala,South,Kochi,5G,Small Cell,140.04,114519,1352,1.181,132.81,35.58,25.01,225.6,99.478,7.8,95.72
2026-04-01,T025,Kerala,South,Kochi,5G,Small Cell,132.16,179177,2149,1.2,150.49,37.29,25.83,179.4,99.585,5.5,92.39
2026-05-01,T025,Kerala,South,Kochi,5G,Small Cell,132.65,81995,914,1.116,122.98,29.71,23.18,530.3,98.773,4.1,116.97
2026-06-01,T025,Kerala,South,Kochi,5G,Small Cell,137.62,87512,589,0.673,117.41,24.05,13.27,382.1,99.115,0.7,97.94
2025-01-01,T026,Kerala,South,Kochi,5G,Macro,309.42,218937,2168,0.99,154.27,44.37,37.52,340.6,99.212,8.1,218.28
2025-02-01,T026,Kerala,South,Kochi,5G,Macro,376.29,158609,1578,0.995,135.08,32.49,42.23,311.3,99.28,9.5,260.37
2025-03-01,T026,Kerala,South,Kochi,5G,Macro,360.73,217821,1539,0.707,182.71,52.39,25.87,234.6,99.457,2.6,335.62
2025-04-01,T026,Kerala,South,Kochi,5G,Macro,310.12,130188,1044,0.803,165.12,40.01,30.7,157.6,99.635,3.1,213.93
2025-05-01,T026,Kerala,South,Kochi,5G,Macro,378.1,173202,1657,0.957,125.07,30.21,22.54,96.0,99.778,4.4,356.83
2025-06-01,T026,Kerala,South,Kochi,5G,Macro,393.06,187256,1834,0.98,160.17,38.53,28.04,252.4,99.416,7.5,292.68
2025-07-01,T026,Kerala,South,Kochi,5G,Macro,360.46,146371,1485,1.015,148.48,28.42,28.01,440.8,98.98,3.6,312.01
2025-08-01,T026,Kerala,South,Kochi,5G,Macro,391.92,78500,848,1.081,133.96,24.56,35.64,357.8,99.172,6.4,317.8
2025-09-01,T026,Kerala,South,Kochi,5G,Macro,360.04,202253,3260,1.612,144.85,41.57,28.62,461.8,98.931,5.4,274.2
2025-10-01,T026,Kerala,South,Kochi,5G,Macro,357.94,133894,1518,1.134,147.86,28.24,24.78,445.4,98.969,3.2,270.32
2025-11-01,T026,Kerala,South,Kochi,5G,Macro,402.73,91172,803,0.881,173.54,31.54,25.67,284.7,99.341,3.6,352.82
2025-12-01,T026,Kerala,South,Kochi,5G,Macro,366.43,102269,914,0.894,137.05,33.74,24.28,442.8,98.975,3.0,276.51
2026-01-01,T026,Kerala,South,Kochi,5G,Macro,369.39,88791,1164,1.312,160.85,32.16,21.07,378.9,99.123,4.6,334.06
2026-02-01,T026,Kerala,South,Kochi,5G,Macro,374.93,203092,1555,0.766,159.92,44.98,34.08,468.9,98.915,5.5,294.09
2026-03-01,T026,Kerala,South,Kochi,5G,Macro,375.96,96004,943,0.983,110.44,29.05,35.38,340.3,99.212,6.6,262.9
2026-04-01,T026,Kerala,South,Kochi,5G,Macro,457.17,163429,1569,0.96,114.46,23.96,20.77,489.9,98.866,4.3,356.6
2026-05-01,T026,Kerala,South,Kochi,5G,Macro,354.19,82540,706,0.856,140.48,37.54,32.16,166.5,99.615,5.1,281.79
2026-06-01,T026,Kerala,South,Kochi,5G,Macro,361.15,76898,919,1.195,115.94,23.17,29.62,436.9,98.989,11.0,250.58
2025-01-01,T027,Kerala,South,Thiruvananthapuram,5G,Macro,233.69,259461,2045,0.788,141.95,38.42,14.9,483.1,98.882,3.6,195.3
2025-02-01,T027,Kerala,South,Thiruvananthapuram,5G,Macro,173.86,103412,1130,1.093,167.13,41.44,26.06,255.9,99.408,4.0,120.16
2025-03-01,T027,Kerala,South,Thiruvananthapuram,5G,Macro,186.2,132900,1651,1.242,133.79,32.22,27.54,293.6,99.32,7.3,133.82
2025-04-01,T027,Kerala,South,Thiruvananthapuram,5G,Macro,180.42,210646,2283,1.084,109.56,31.48,30.51,202.4,99.532,3.7,166.31
2025-05-01,T027,Kerala,South,Thiruvananthapuram,5G,Macro,207.04,200311,2071,1.034,145.03,32.81,31.7,420.3,99.027,7.4,181.67
2025-06-01,T027,Kerala,South,Thiruvananthapuram,5G,Macro,170.69,90740,589,0.65,172.04,42.49,29.7,241.1,99.442,5.6,126.05
2025-07-01,T027,Kerala,South,Thiruvananthapuram,5G,Macro,176.05,225317,2096,0.93,135.32,34.37,27.61,213.2,99.507,3.5,131.53
2025-08-01,T027,Kerala,South,Thiruvananthapuram,5G,Macro,201.54,251620,2891,1.149,166.25,35.96,20.63,348.5,99.193,5.9,147.73
2025-09-01,T027,Kerala,South,Thiruvananthapuram,5G,Macro,148.9,192314,2301,1.197,146.4,38.58,22.66,151.3,99.65,6.1,134.65
2025-10-01,T027,Kerala,South,Thiruvananthapuram,5G,Macro,198.56,196532,1871,0.952,134.89,37.58,26.29,241.9,99.44,4.1,183.77
2025-11-01,T027,Kerala,South,Thiruvananthapuram,5G,Macro,197.79,135926,1242,0.914,147.12,42.4,30.29,408.0,99.056,4.7,147.91
2025-12-01,T027,Kerala,South,Thiruvananthapuram,5G,Macro,244.4,259751,2249,0.866,164.41,47.56,20.21,308.1,99.287,5.2,228.02
2026-01-01,T027,Kerala,South,Thiruvananthapuram,5G,Macro,164.77,110930,906,0.817,161.74,39.11,26.56,459.4,98.937,5.3,147.82
2026-02-01,T027,Kerala,South,Thiruvananthapuram,5G,Macro,181.95,190152,1713,0.901,135.13,25.25,25.93,372.7,99.137,4.4,167.1
2026-03-01,T027,Kerala,South,Thiruvananthapuram,5G,Macro,180.82,169992,2270,1.336,133.11,33.61,26.2,292.6,99.323,10.8,124.45
2026-04-01,T027,Kerala,South,Thiruvananthapuram,5G,Macro,181.64,174096,1676,0.963,174.53,41.54,23.71,354.8,99.179,4.4,147.58
2026-05-01,T027,Kerala,South,Thiruvananthapuram,5G,Macro,165.6,222979,2433,1.091,143.94,26.38,29.63,382.7,99.114,4.4,128.71
2026-06-01,T027,Kerala,South,Thiruvananthapuram,5G,Macro,174.71,232207,1753,0.755,96.23,26.48,28.94,273.9,99.366,4.0,119.65
2025-01-01,T028,Kerala,South,Thiruvananthapuram,4G,Macro,150.39,194584,2749,1.413,23.16,5.24,38.26,309.1,99.285,3.3,6.12
2025-02-01,T028,Kerala,South,Thiruvananthapuram,4G,Macro,189.67,73260,1059,1.446,66.58,12.97,41.14,195.6,99.547,2.9,5.97
2025-03-01,T028,Kerala,South,Thiruvananthapuram,4G,Macro,134.57,151894,1640,1.08,60.07,13.43,40.79,48.2,99.888,1.1,3.22
2025-04-01,T028,Kerala,South,Thiruvananthapuram,4G,Macro,154.96,228910,2610,1.141,38.39,8.88,43.02,431.3,99.002,5.8,3.49
2025-05-01,T028,Kerala,South,Thiruvananthapuram,4G,Macro,133.81,112932,1618,1.433,60.77,15.19,49.97,322.8,99.253,6.8,1.96
2025-06-01,T028,Kerala,South,Thiruvananthapuram,4G,Macro,123.22,147865,1786,1.209,67.55,12.9,37.47,142.9,99.669,2.5,0.93
2025-07-01,T028,Kerala,South,Thiruvananthapuram,4G,Macro,163.71,157782,2085,1.321,87.22,18.35,32.39,443.5,98.973,2.5,7.47
2025-08-01,T028,Kerala,South,Thiruvananthapuram,4G,Macro,119.32,75217,1043,1.387,69.66,12.91,43.7,465.7,98.922,2.0,0.95
2025-09-01,T028,Kerala,South,Thiruvananthapuram,4G,Macro,135.72,76580,854,1.115,71.37,12.89,48.11,279.2,99.354,1.4,3.02
2025-10-01,T028,Kerala,South,Thiruvananthapuram,4G,Macro,160.62,248167,3023,1.218,52.7,12.01,45.78,100.5,99.767,1.1,5.46
2025-11-01,T028,Kerala,South,Thiruvananthapuram,4G,Macro,121.39,178309,2702,1.516,23.4,5.36,32.48,362.2,99.162,3.2,4.21
2025-12-01,T028,Kerala,South,Thiruvananthapuram,4G,Macro,157.59,120653,1814,1.504,63.93,16.36,38.1,387.0,99.104,0.9,2.36
2026-01-01,T028,Kerala,South,Thiruvananthapuram,4G,Macro,177.13,247784,4185,1.689,57.57,13.64,33.48,420.4,99.027,4.0,6.36
2026-02-01,T028,Kerala,South,Thiruvananthapuram,4G,Macro,154.82,152032,1800,1.184,39.61,9.65,31.39,99.9,99.769,3.1,1.86
2026-03-01,T028,Kerala,South,Thiruvananthapuram,4G,Macro,133.68,79199,992,1.253,28.49,6.93,38.08,341.1,99.21,2.1,0.79
2026-04-01,T028,Kerala,South,Thiruvananthapuram,4G,Macro,143.24,135873,1800,1.325,83.61,16.56,36.94,491.4,98.863,1.2,3.86
2026-05-01,T028,Kerala,South,Thiruvananthapuram,4G,Macro,141.45,68460,824,1.205,52.3,9.72,34.53,134.7,99.688,1.2,6.91
2026-06-01,T028,Kerala,South,Thiruvananthapuram,4G,Macro,139.72,250912,2330,0.929,43.86,11.52,36.53,344.3,99.203,1.4,2.72
2025-01-01,T029,Kerala,South,Kozhikode,5G,Macro,402.21,140835,942,0.67,130.03,37.52,20.65,301.8,99.301,4.0,350.92
2025-02-01,T029,Kerala,South,Kozhikode,5G,Macro,314.57,196227,2088,1.064,143.08,27.41,23.9,300.8,99.304,5.7,287.09
2025-03-01,T029,Kerala,South,Kozhikode,5G,Macro,309.31,247288,2125,0.859,175.31,44.05,23.72,13.0,99.97,3.5,231.12
2025-04-01,T029,Kerala,South,Kozhikode,5G,Macro,404.06,168462,1981,1.177,121.81,29.53,23.64,327.9,99.241,3.7,374.46
2025-05-01,T029,Kerala,South,Kozhikode,5G,Macro,431.6,170617,1586,0.93,140.6,36.07,31.25,430.2,99.004,4.1,369.02
2025-06-01,T029,Kerala,South,Kozhikode,5G,Macro,351.56,219525,2250,1.025,120.57,30.07,35.07,274.8,99.364,10.3,283.07
2025-07-01,T029,Kerala,South,Kozhikode,5G,Macro,372.17,91566,898,0.981,127.75,35.96,29.18,425.5,99.015,4.8,254.72
2025-08-01,T029,Kerala,South,Kozhikode,5G,Macro,351.69,130607,1609,1.232,125.19,30.09,34.28,370.0,99.143,5.6,246.6
2025-09-01,T029,Kerala,South,Kozhikode,5G,Macro,412.94,245047,2156,0.88,131.36,25.59,25.63,30.6,99.929,4.9,345.03
2025-10-01,T029,Kerala,South,Kozhikode,5G,Macro,366.44,91071,745,0.819,166.1,39.96,19.79,332.4,99.23,2.9,297.8
2025-11-01,T029,Kerala,South,Kozhikode,5G,Macro,402.89,159722,1530,0.958,169.87,42.36,22.64,230.0,99.468,3.7,279.05
2025-12-01,T029,Kerala,South,Kozhikode,5G,Macro,408.46,92342,958,1.038,125.06,30.53,27.26,137.7,99.681,4.8,293.93
2026-01-01,T029,Kerala,South,Kozhikode,5G,Macro,288.97,175255,834,0.476,170.38,31.72,21.2,178.7,99.586,5.1,267.63
2026-02-01,T029,Kerala,South,Kozhikode,5G,Macro,332.72,164756,1381,0.838,141.26,28.05,23.18,352.0,99.185,4.6,295.22
2026-03-01,T029,Kerala,South,Kozhikode,5G,Macro,443.4,81194,712,0.877,122.94,24.17,23.16,399.2,99.076,4.6,347.45
2026-04-01,T029,Kerala,South,Kozhikode,5G,Macro,415.65,165078,1642,0.995,91.85,19.75,37.64,476.6,98.897,8.3,311.89
2026-05-01,T029,Kerala,South,Kozhikode,5G,Macro,312.73,102432,906,0.885,127.89,27.56,23.55,298.4,99.309,5.8,274.8
2026-06-01,T029,Kerala,South,Kozhikode,5G,Macro,321.1,237218,3435,1.448,137.54,39.67,32.98,719.6,98.334,5.2,264.04
2025-01-01,T030,Kerala,South,Kozhikode,5G,Rooftop,188.05,242791,2269,0.935,140.26,26.55,13.36,236.7,99.452,1.2,131.7
2025-02-01,T030,Kerala,South,Kozhikode,5G,Rooftop,228.13,137913,1734,1.258,137.02,36.63,22.39,476.1,98.898,6.8,194.64
2025-03-01,T030,Kerala,South,Kozhikode,5G,Rooftop,238.82,116775,812,0.696,131.79,37.71,23.97,438.3,98.985,3.7,199.26
2025-04-01,T030,Kerala,South,Kozhikode,5G,Rooftop,197.6,224938,1790,0.796,101.65,24.78,20.74,231.1,99.465,7.1,157.94
2025-05-01,T030,Kerala,South,Kozhikode,5G,Rooftop,247.45,123422,1187,0.963,122.8,32.08,25.02,390.3,99.096,0.9,172.52
2025-06-01,T030,Kerala,South,Kozhikode,5G,Rooftop,179.82,137447,1272,0.925,136.18,36.48,26.09,379.5,99.121,3.0,140.13
2025-07-01,T030,Kerala,South,Kozhikode,5G,Rooftop,188.23,142697,1503,1.054,158.23,33.25,27.29,265.5,99.385,2.5,165.2
2025-08-01,T030,Kerala,South,Kozhikode,5G,Rooftop,176.95,248372,1748,0.704,155.86,44.51,25.57,338.5,99.216,2.6,123.06
2025-09-01,T030,Kerala,South,Kozhikode,5G,Rooftop,241.08,192736,1603,0.832,170.23,47.78,25.64,267.0,99.382,1.4,220.52
2025-10-01,T030,Kerala,South,Kozhikode,5G,Rooftop,171.49,88058,617,0.701,129.04,32.32,25.94,247.9,99.426,2.1,125.94
2025-11-01,T030,Kerala,South,Kozhikode,5G,Rooftop,240.83,181673,1766,0.973,142.57,29.24,24.34,247.2,99.428,4.0,170.88
2025-12-01,T030,Kerala,South,Kozhikode,5G,Rooftop,198.26,123618,969,0.784,146.02,35.61,18.14,306.0,99.292,1.9,165.75
2026-01-01,T030,Kerala,South,Kozhikode,5G,Rooftop,192.86,174540,1937,1.11,166.29,34.17,23.35,377.5,99.126,0.6,155.26
2026-02-01,T030,Kerala,South,Kozhikode,5G,Rooftop,241.22,211146,2536,1.201,146.38,38.52,21.69,316.8,99.267,5.4,195.62
2026-03-01,T030,Kerala,South,Kozhikode,5G,Rooftop,254.28,114328,1180,1.033,133.93,32.26,29.96,390.6,99.096,2.3,215.36
2026-04-01,T030,Kerala,South,Kozhikode,5G,Rooftop,204.54,200557,1898,0.947,145.48,30.45,25.36,370.6,99.142,4.0,172.1
2026-05-01,T030,Kerala,South,Kozhikode,5G,Rooftop,256.35,160665,1430,0.891,133.2,33.21,27.43,238.5,99.448,2.4,221.19
2026-06-01,T030,Kerala,South,Kozhikode,5G,Rooftop,220.08,204570,1797,0.878,136.45,29.73,27.11,318.8,99.262,6.8,206.16
2025-01-01,T031,Maharashtra,West,Mumbai,5G,Macro,136.39,101976,1246,1.222,153.1,36.93,29.47,476.8,98.896,1.4,128.24
2025-02-01,T031,Maharashtra,West,Mumbai,5G,Macro,150.25,212746,1035,0.487,158.16,38.83,27.92,322.5,99.253,4.4,107.21
2025-03-01,T031,Maharashtra,West,Mumbai,5G,Macro,163.71,152056,1694,1.114,126.58,30.02,17.73,413.7,99.042,3.2,138.85
2025-04-01,T031,Maharashtra,West,Mumbai,5G,Macro,132.21,122905,1187,0.966,149.5,28.07,21.54,290.5,99.327,3.9,97.63
2025-05-01,T031,Maharashtra,West,Mumbai,5G,Macro,168.65,66275,722,1.09,176.09,32.28,24.48,330.6,99.235,2.1,131.82
2025-06-01,T031,Maharashtra,West,Mumbai,5G,Macro,135.16,155833,1373,0.881,139.17,27.25,21.41,461.8,98.931,3.0,95.54
2025-07-01,T031,Maharashtra,West,Mumbai,5G,Macro,140.43,153003,1066,0.697,145.51,30.91,18.48,299.2,99.307,0.7,120.55
2025-08-01,T031,Maharashtra,West,Mumbai,5G,Macro,156.93,219050,1882,0.859,127.84,25.5,22.79,156.9,99.637,2.3,146.92
2025-09-01,T031,Maharashtra,West,Mumbai,5G,Macro,143.51,206511,2002,0.97,155.58,43.4,32.92,336.2,99.222,1.4,131.65
2025-10-01,T031,Maharashtra,West,Mumbai,5G,Macro,174.94,227921,1521,0.668,107.53,30.86,21.65,269.5,99.376,2.2,136.43
2025-11-01,T031,Maharashtra,West,Mumbai,5G,Macro,134.96,108027,420,0.389,144.2,36.35,27.54,167.9,99.611,1.5,98.03
2025-12-01,T031,Maharashtra,West,Mumbai,5G,Macro,127.14,156074,1411,0.904,157.03,40.65,23.73,438.0,98.986,8.6,101.53
2026-01-01,T031,Maharashtra,West,Mumbai,5G,Macro,170.41,117632,1236,1.051,137.19,33.41,30.13,204.4,99.527,2.0,160.36
2026-02-01,T031,Maharashtra,West,Mumbai,5G,Macro,155.26,106559,824,0.774,120.91,24.89,32.23,380.1,99.12,7.3,143.92
2026-03-01,T031,Maharashtra,West,Mumbai,5G,Macro,104.88,108003,1160,1.074,146.97,35.53,24.62,358.1,99.171,1.5,80.34
2026-04-01,T031,Maharashtra,West,Mumbai,5G,Macro,174.54,159000,804,0.506,160.13,34.81,29.14,234.7,99.457,2.1,133.39
2026-05-01,T031,Maharashtra,West,Mumbai,5G,Macro,176.39,257240,2410,0.937,166.92,44.97,24.24,206.5,99.522,1.9,167.45
2026-06-01,T031,Maharashtra,West,Mumbai,5G,Macro,122.68,94501,1027,1.087,136.57,26.55,26.73,213.1,99.507,6.2,99.82
2025-01-01,T032,Maharashtra,West,Mumbai,5G,Small Cell,366.63,141596,1348,0.952,108.36,28.42,34.15,256.0,99.407,8.0,315.75
2025-02-01,T032,Maharashtra,West,Mumbai,5G,Small Cell,382.67,86207,712,0.827,147.21,39.97,30.67,174.8,99.595,4.1,352.16
2025-03-01,T032,Maharashtra,West,Mumbai,5G,Small Cell,257.38,205742,1956,0.951,158.66,40.1,21.89,161.8,99.625,3.3,193.71
2025-04-01,T032,Maharashtra,West,Mumbai,5G,Small Cell,264.16,182994,1807,0.988,117.47,30.33,32.96,189.2,99.562,4.1,226.06
2025-05-01,T032,Maharashtra,West,Mumbai,5G,Small Cell,315.83,195358,1261,0.646,134.04,27.09,28.64,313.3,99.275,1.2,249.48
2025-06-01,T032,Maharashtra,West,Mumbai,5G,Small Cell,270.5,131293,1015,0.774,138.14,35.38,27.18,302.3,99.3,2.2,240.46
2025-07-01,T032,Maharashtra,West,Mumbai,5G,Small Cell,327.21,76145,809,1.063,140.86,25.85,28.79,256.9,99.405,2.0,238.79
2025-08-01,T032,Maharashtra,West,Mumbai,5G,Small Cell,315.05,112746,1296,1.15,109.24,28.22,23.37,350.6,99.188,3.2,216.75
2025-09-01,T032,Maharashtra,West,Mumbai,5G,Small Cell,324.66,199303,1750,0.878,140.24,35.64,28.73,290.1,99.329,3.9,301.21
2025-10-01,T032,Maharashtra,West,Mumbai,5G,Small Cell,272.8,156307,985,0.631,138.29,29.04,19.39,369.3,99.145,2.9,201.87
2025-11-01,T032,Maharashtra,West,Mumbai,5G,Small Cell,335.77,236834,2061,0.87,131.01,33.82,24.33,543.5,98.742,3.7,265.59
2025-12-01,T032,Maharashtra,West,Mumbai,5G,Small Cell,319.0,218201,2207,1.011,134.24,26.97,25.76,479.0,98.891,3.9,251.16
2026-01-01,T032,Maharashtra,West,Mumbai,5G,Small Cell,326.41,206697,1853,0.897,156.24,45.3,17.95,298.2,99.31,2.1,281.16
2026-02-01,T032,Maharashtra,West,Mumbai,5G,Small Cell,222.64,254296,2360,0.928,167.19,38.96,29.69,557.7,98.709,3.3,196.33
2026-03-01,T032,Maharashtra,West,Mumbai,5G,Small Cell,318.95,82865,1107,1.336,188.9,45.01,30.96,351.9,99.185,3.1,257.16
2026-04-01,T032,Maharashtra,West,Mumbai,5G,Small Cell,238.09,255358,2519,0.987,137.38,26.9,25.88,335.3,99.224,2.2,214.64
2026-05-01,T032,Maharashtra,West,Mumbai,5G,Small Cell,306.05,74836,603,0.806,157.4,31.24,27.71,62.8,99.855,1.5,258.29
2026-06-01,T032,Maharashtra,West,Mumbai,5G,Small Cell,280.47,79337,694,0.876,130.8,35.0,22.7,141.9,99.672,2.5,212.17
2025-01-01,T033,Maharashtra,West,Mumbai,4G,Macro,133.31,103716,1468,1.416,48.17,8.81,39.55,417.8,99.033,0.9,6.13
2025-02-01,T033,Maharashtra,West,Mumbai,4G,Macro,141.99,255544,3434,1.344,48.82,12.58,43.69,161.8,99.625,4.4,4.89
2025-03-01,T033,Maharashtra,West,Mumbai,4G,Macro,146.67,177044,2386,1.348,28.97,7.42,45.75,259.4,99.4,7.4,7.23
2025-04-01,T033,Maharashtra,West,Mumbai,4G,Macro,139.85,254182,2804,1.103,63.74,18.26,29.91,559.3,98.705,0.7,1.12
2025-05-01,T033,Maharashtra,West,Mumbai,4G,Macro,151.85,141858,1861,1.312,31.6,6.01,37.07,92.3,99.786,0.9,5.26
2025-06-01,T033,Maharashtra,West,Mumbai,4G,Macro,126.39,138542,2280,1.646,32.21,7.97,35.77,221.9,99.486,2.2,4.74
2025-07-01,T033,Maharashtra,West,Mumbai,4G,Macro,144.11,120745,1473,1.22,45.41,12.31,43.04,260.3,99.397,1.6,3.96
2025-08-01,T033,Maharashtra,West,Mumbai,4G,Macro,128.42,259128,3380,1.305,63.11,16.87,38.81,353.8,99.181,0.3,0.6
2025-09-01,T033,Maharashtra,West,Mumbai,4G,Macro,181.32,251132,3466,1.38,55.59,15.4,43.69,288.4,99.332,8.2,0.64
2025-10-01,T033,Maharashtra,West,Mumbai,4G,Macro,148.65,195561,2822,1.443,50.38,13.55,41.83,330.3,99.235,2.9,2.17
2025-11-01,T033,Maharashtra,West,Mumbai,4G,Macro,168.18,210458,3325,1.58,58.2,11.94,42.07,572.0,98.676,8.7,6.16
2025-12-01,T033,Maharashtra,West,Mumbai,4G,Macro,170.13,159239,2077,1.305,56.47,10.87,43.43,264.8,99.387,1.6,4.29
2026-01-01,T033,Maharashtra,West,Mumbai,4G,Macro,194.11,79564,955,1.201,25.52,7.01,41.89,153.6,99.644,1.6,2.97
2026-02-01,T033,Maharashtra,West,Mumbai,4G,Macro,113.85,116405,1158,0.996,47.42,8.72,48.9,416.9,99.035,4.4,0.28
2026-03-01,T033,Maharashtra,West,Mumbai,4G,Macro,159.39,248423,3099,1.248,90.59,24.37,33.33,160.6,99.628,1.7,1.49
2026-04-01,T033,Maharashtra,West,Mumbai,4G,Macro,153.53,207566,3517,1.695,49.01,12.03,37.8,406.7,99.059,1.9,3.73
2026-05-01,T033,Maharashtra,West,Mumbai,4G,Macro,164.43,215100,2238,1.04,47.52,8.58,41.5,438.7,98.984,1.4,2.74
2026-06-01,T033,Maharashtra,West,Mumbai,4G,Macro,148.67,109640,1871,1.707,47.52,11.52,38.62,315.7,99.269,3.0,3.55
2025-01-01,T034,Maharashtra,West,Mumbai,4G,Macro,243.6,216051,4041,1.871,31.51,7.89,43.27,249.2,99.423,7.2,2.78
2025-02-01,T034,Maharashtra,West,Mumbai,4G,Macro,195.79,194011,2482,1.28,31.39,8.12,46.41,277.0,99.359,4.7,8.72
2025-03-01,T034,Maharashtra,West,Mumbai,4G,Macro,212.9,130568,1732,1.327,19.16,4.48,51.84,385.7,99.107,6.9,10.08
2025-04-01,T034,Maharashtra,West,Mumbai,4G,Macro,211.43,155389,2357,1.517,45.01,11.75,38.7,263.0,99.391,3.6,7.8
2025-05-01,T034,Maharashtra,West,Mumbai,4G,Macro,209.82,77316,970,1.255,83.14,16.09,42.94,432.7,98.998,3.2,4.62
2025-06-01,T034,Maharashtra,West,Mumbai,4G,Macro,206.41,222794,3199,1.436,53.58,14.28,40.23,450.6,98.957,4.3,9.2
2025-07-01,T034,Maharashtra,West,Mumbai,4G,Macro,199.58,227150,3266,1.438,73.04,13.36,54.88,337.7,99.218,7.0,4.77
2025-08-01,T034,Maharashtra,West,Mumbai,4G,Macro,231.18,83931,1353,1.613,39.79,10.14,44.74,375.9,99.13,3.7,3.22
2025-09-01,T034,Maharashtra,West,Mumbai,4G,Macro,142.37,129027,1433,1.111,59.69,15.2,49.01,212.2,99.509,3.4,1.56
2025-10-01,T034,Maharashtra,West,Mumbai,4G,Macro,231.07,97905,1444,1.475,47.68,10.15,43.79,452.0,98.954,5.5,9.71
2025-11-01,T034,Maharashtra,West,Mumbai,4G,Macro,200.24,149613,2278,1.523,70.11,14.28,41.12,417.1,99.035,6.2,7.39
2025-12-01,T034,Maharashtra,West,Mumbai,4G,Macro,194.24,134025,1647,1.229,34.92,7.75,49.46,547.7,98.732,7.6,4.77
2026-01-01,T034,Maharashtra,West,Mumbai,4G,Macro,192.84,157592,2209,1.402,71.5,13.71,49.61,231.7,99.464,3.3,3.48
2026-02-01,T034,Maharashtra,West,Mumbai,4G,Macro,229.84,183323,3071,1.676,27.64,6.19,51.61,331.4,99.233,6.3,9.0
2026-03-01,T034,Maharashtra,West,Mumbai,4G,Macro,195.99,71340,1147,1.608,56.02,15.55,42.01,400.1,99.074,7.2,4.82
2026-04-01,T034,Maharashtra,West,Mumbai,4G,Macro,182.72,208756,2788,1.336,41.37,9.97,39.78,328.6,99.239,5.5,4.3
2026-05-01,T034,Maharashtra,West,Mumbai,4G,Macro,249.06,192131,2727,1.419,33.76,6.08,47.35,238.8,99.447,3.1,8.96
2026-06-01,T034,Maharashtra,West,Mumbai,4G,Macro,211.33,199065,1850,0.929,74.09,16.12,38.17,218.4,99.494,3.9,3.34
2025-01-01,T035,Maharashtra,West,Pune,5G,Rooftop,147.76,168831,1864,1.105,165.34,34.88,16.64,364.7,99.156,2.0,110.03
2025-02-01,T035,Maharashtra,West,Pune,5G,Rooftop,216.24,221380,2590,1.17,126.03,23.94,28.27,322.4,99.254,4.4,195.57
2025-03-01,T035,Maharashtra,West,Pune,5G,Rooftop,161.52,101246,879,0.868,160.69,40.61,31.16,315.3,99.27,2.6,123.13
2025-04-01,T035,Maharashtra,West,Pune,5G,Rooftop,178.0,77206,595,0.771,145.57,37.25,29.56,258.6,99.401,2.2,146.6
2025-05-01,T035,Maharashtra,West,Pune,5G,Rooftop,209.31,78175,778,0.995,140.22,26.82,25.79,47.9,99.889,2.4,143.27
2025-06-01,T035,Maharashtra,West,Pune,5G,Rooftop,219.96,244166,1243,0.509,156.25,44.5,25.54,123.6,99.714,1.1,196.55
2025-07-01,T035,Maharashtra,West,Pune,5G,Rooftop,165.49,251544,2205,0.877,129.65,28.99,26.8,423.6,99.019,3.8,138.67
2025-08-01,T035,Maharashtra,West,Pune,5G,Rooftop,174.0,217828,1007,0.463,166.99,47.39,25.77,306.1,99.291,1.2,160.87
2025-09-01,T035,Maharashtra,West,Pune,5G,Rooftop,151.15,86518,819,0.947,108.0,20.15,18.14,497.8,98.848,1.2,112.35
2025-10-01,T035,Maharashtra,West,Pune,5G,Rooftop,228.15,74021,710,0.959,119.03,28.8,22.68,157.8,99.635,8.4,170.97
2025-11-01,T035,Maharashtra,West,Pune,5G,Rooftop,168.39,224964,2086,0.927,156.66,34.03,16.18,393.3,99.09,2.6,129.93
2025-12-01,T035,Maharashtra,West,Pune,5G,Rooftop,162.62,238323,2043,0.858,128.52,29.66,29.65,250.1,99.421,5.1,118.24
2026-01-01,T035,Maharashtra,West,Pune,5G,Rooftop,197.77,121265,838,0.692,157.38,30.12,14.76,234.8,99.456,2.2,148.93
2026-02-01,T035,Maharashtra,West,Pune,5G,Rooftop,165.53,106413,925,0.869,143.48,40.7,17.41,401.7,99.07,1.2,148.3
2026-03-01,T035,Maharashtra,West,Pune,5G,Rooftop,195.34,192290,1648,0.857,172.87,42.91,19.59,222.7,99.485,2.3,170.32
2026-04-01,T035,Maharashtra,West,Pune,5G,Rooftop,175.87,143522,1168,0.814,124.18,26.32,13.93,333.1,99.229,2.4,119.63
2026-05-01,T035,Maharashtra,West,Pune,5G,Rooftop,168.11,72257,645,0.893,141.79,28.65,25.1,300.9,99.303,3.6,138.04
2026-06-01,T035,Maharashtra,West,Pune,5G,Rooftop,163.51,183278,1591,0.868,149.71,41.31,32.46,8.6,99.98,2.2,124.04
2025-01-01,T036,Maharashtra,West,Pune,5G,Rooftop,146.39,189751,1622,0.855,155.78,38.55,22.98,348.0,99.195,1.8,109.64
2025-02-01,T036,Maharashtra,West,Pune,5G,Rooftop,116.93,194312,2135,1.099,132.55,38.01,28.1,250.5,99.42,1.6,110.92
2025-03-01,T036,Maharashtra,West,Pune,5G,Rooftop,122.82,136498,1473,1.08,160.33,40.13,21.25,408.2,99.055,2.8,90.93
2025-04-01,T036,Maharashtra,West,Pune,5G,Rooftop,149.42,159576,1071,0.672,166.56,31.19,24.71,125.2,99.71,1.4,103.42
2025-05-01,T036,Maharashtra,West,Pune,5G,Rooftop,143.06,120826,1100,0.911,137.51,24.87,22.57,272.9,99.368,3.5,97.46
2025-06-01,T036,Maharashtra,West,Pune,5G,Rooftop,149.7,210929,2375,1.126,147.87,39.5,28.36,401.7,99.07,2.1,139.25
2025-07-01,T036,Maharashtra,West,Pune,5G,Rooftop,150.49,240397,2016,0.839,142.16,28.45,25.93,188.3,99.564,5.3,107.17
2025-08-01,T036,Maharashtra,West,Pune,5G,Rooftop,121.78,198849,849,0.427,144.5,39.66,23.35,379.3,99.122,0.8,102.75
2025-09-01,T036,Maharashtra,West,Pune,5G,Rooftop,140.82,126274,1184,0.938,112.7,26.85,25.73,363.3,99.159,1.4,127.71
2025-10-01,T036,Maharashtra,West,Pune,5G,Rooftop,139.07,173974,1320,0.759,141.71,38.09,22.61,251.6,99.418,1.8,123.11
2025-11-01,T036,Maharashtra,West,Pune,5G,Rooftop,127.81,170421,1851,1.086,175.18,31.76,26.08,321.6,99.255,3.5,112.57
2025-12-01,T036,Maharashtra,West,Pune,5G,Rooftop,130.78,163278,1413,0.866,131.82,35.71,21.78,126.9,99.706,1.1,113.07
2026-01-01,T036,Maharashtra,West,Pune,5G,Rooftop,163.28,76088,719,0.945,136.51,34.97,25.91,243.0,99.438,0.3,121.0
2026-02-01,T036,Maharashtra,West,Pune,5G,Rooftop,86.66,254452,2399,0.943,134.35,37.85,34.59,378.9,99.123,4.8,78.98
2026-03-01,T036,Maharashtra,West,Pune,5G,Rooftop,118.08,230547,2607,1.131,128.53,29.34,26.79,215.6,99.501,0.8,93.39
2026-04-01,T036,Maharashtra,West,Pune,5G,Rooftop,136.97,80711,563,0.698,154.77,40.57,27.9,214.5,99.503,6.3,97.27
2026-05-01,T036,Maharashtra,West,Pune,5G,Rooftop,138.69,110495,913,0.827,157.49,30.06,33.79,311.1,99.28,3.5,108.81
2026-06-01,T036,Maharashtra,West,Pune,5G,Rooftop,161.44,225437,2246,0.997,152.77,35.13,27.4,432.5,98.999,1.6,139.08
2025-01-01,T037,Maharashtra,West,Nagpur,5G,Macro,252.89,92371,867,0.94,125.64,27.12,22.16,533.6,98.765,3.2,230.56
2025-02-01,T037,Maharashtra,West,Nagpur,5G,Macro,240.8,96062,1086,1.131,133.3,34.22,20.17,189.7,99.561,2.2,204.35
2025-03-01,T037,Maharashtra,West,Nagpur,5G,Macro,208.15,209245,1693,0.809,154.17,30.32,16.88,402.8,99.068,2.6,149.34
2025-04-01,T037,Maharashtra,West,Nagpur,5G,Macro,225.17,167714,814,0.486,107.65,25.4,30.06,289.7,99.329,4.7,209.02
2025-05-01,T037,Maharashtra,West,Nagpur,5G,Macro,296.89,76748,775,1.011,160.51,30.5,27.42,324.4,99.249,2.6,273.48
2025-06-01,T037,Maharashtra,West,Nagpur,5G,Macro,302.7,189809,1344,0.708,147.92,42.52,22.96,313.5,99.274,1.5,253.35
2025-07-01,T037,Maharashtra,West,Nagpur,5G,Macro,191.72,236740,2245,0.948,135.35,34.86,23.02,311.3,99.279,3.4,137.46
2025-08-01,T037,Maharashtra,West,Nagpur,5G,Macro,243.09,238858,1856,0.777,158.95,33.15,24.45,195.1,99.548,0.5,230.42
2025-09-01,T037,Maharashtra,West,Nagpur,5G,Macro,244.21,120220,1186,0.987,165.31,39.27,33.28,314.0,99.273,1.8,173.35
2025-10-01,T037,Maharashtra,West,Nagpur,5G,Macro,228.36,111847,1102,0.985,185.14,43.88,34.46,459.7,98.936,0.6,194.92
2025-11-01,T037,Maharashtra,West,Nagpur,5G,Macro,197.97,244301,1827,0.748,161.2,32.65,24.82,263.3,99.39,0.4,154.08
2025-12-01,T037,Maharashtra,West,Nagpur,5G,Macro,297.34,171775,1781,1.037,115.6,26.56,32.09,292.6,99.323,4.9,210.8
2026-01-01,T037,Maharashtra,West,Nagpur,5G,Macro,192.63,173515,1466,0.845,141.69,28.79,19.37,479.6,98.89,1.0,173.84
2026-02-01,T037,Maharashtra,West,Nagpur,5G,Macro,252.27,96675,632,0.654,156.1,30.36,23.32,171.3,99.604,5.2,230.6
2026-03-01,T037,Maharashtra,West,Nagpur,5G,Macro,258.21,117242,620,0.53,172.83,43.85,26.51,295.1,99.317,0.7,230.58
2026-04-01,T037,Maharashtra,West,Nagpur,5G,Macro,269.73,142229,851,0.599,152.5,37.39,15.89,190.0,99.56,0.9,186.06
2026-05-01,T037,Maharashtra,West,Nagpur,5G,Macro,221.94,242761,1700,0.701,133.32,27.8,24.32,328.5,99.24,2.5,161.49
2026-06-01,T037,Maharashtra,West,Nagpur,5G,Macro,223.11,202632,1449,0.715,115.15,23.04,30.47,287.1,99.335,1.1,189.22
2025-01-01,T038,Maharashtra,West,Nagpur,5G,Macro,284.91,242443,1862,0.768,121.08,32.53,23.55,195.8,99.547,4.9,202.0
2025-02-01,T038,Maharashtra,West,Nagpur,5G,Macro,317.87,195309,1124,0.576,106.6,29.9,26.68,225.8,99.477,4.7,278.12
2025-03-01,T038,Maharashtra,West,Nagpur,5G,Macro,311.23,106516,1179,1.107,149.91,41.06,24.35,299.8,99.306,6.3,251.29
2025-04-01,T038,Maharashtra,West,Nagpur,5G,Macro,341.72,215524,2339,1.086,128.3,29.87,22.09,8.6,99.98,3.8,272.2
2025-05-01,T038,Maharashtra,West,Nagpur,5G,Macro,309.0,255826,2406,0.941,152.57,39.62,27.33,479.2,98.891,4.2,271.07
2025-06-01,T038,Maharashtra,West,Nagpur,5G,Macro,332.75,109123,878,0.805,125.08,31.01,29.55,308.6,99.286,3.6,300.64
2025-07-01,T038,Maharashtra,West,Nagpur,5G,Macro,297.19,68341,633,0.927,171.39,46.09,23.91,302.1,99.301,3.7,212.13
2025-08-01,T038,Maharashtra,West,Nagpur,5G,Macro,299.2,213569,1912,0.895,146.05,38.17,26.79,327.7,99.241,4.8,252.76
2025-09-01,T038,Maharashtra,West,Nagpur,5G,Macro,261.85,237902,2941,1.236,125.27,24.62,34.89,507.2,98.826,9.0,239.4
2025-10-01,T038,Maharashtra,West,Nagpur,5G,Macro,310.66,173737,1166,0.672,108.78,23.36,27.07,250.7,99.42,4.5,294.15
2025-11-01,T038,Maharashtra,West,Nagpur,5G,Macro,285.47,248067,2547,1.027,164.02,31.47,28.36,340.4,99.212,5.4,224.42
2025-12-01,T038,Maharashtra,West,Nagpur,5G,Macro,258.53,94576,921,0.974,159.71,34.1,29.62,233.1,99.46,4.0,234.26
2026-01-01,T038,Maharashtra,West,Nagpur,5G,Macro,268.64,253916,3100,1.221,159.47,30.06,19.9,265.1,99.386,4.4,254.41
2026-02-01,T038,Maharashtra,West,Nagpur,5G,Macro,253.88,71866,674,0.939,137.57,39.63,26.59,440.6,98.98,7.0,224.5
2026-03-01,T038,Maharashtra,West,Nagpur,5G,Macro,341.71,206239,1756,0.852,137.97,29.12,22.08,272.1,99.37,3.7,306.89
2026-04-01,T038,Maharashtra,West,Nagpur,5G,Macro,268.67,117273,896,0.765,141.09,32.93,30.67,511.8,98.815,5.1,233.92
2026-05-01,T038,Maharashtra,West,Nagpur,5G,Macro,288.35,81199,802,0.988,127.21,31.72,24.26,320.0,99.259,6.0,208.16
2026-06-01,T038,Maharashtra,West,Nagpur,5G,Macro,343.68,85290,690,0.809,177.13,44.55,24.6,369.9,99.144,4.7,323.71
2025-01-01,T039,Maharashtra,West,Nashik,5G,Rooftop,244.42,237122,1977,0.834,160.65,35.17,24.29,261.9,99.394,3.4,186.43
2025-02-01,T039,Maharashtra,West,Nashik,5G,Rooftop,217.76,119139,1309,1.099,153.32,32.83,29.68,272.5,99.369,1.5,168.38
2025-03-01,T039,Maharashtra,West,Nashik,5G,Rooftop,227.35,115955,1278,1.102,147.6,34.6,28.61,278.9,99.354,2.5,166.18
2025-04-01,T039,Maharashtra,West,Nashik,5G,Rooftop,264.97,106571,1119,1.051,131.15,37.95,18.24,352.0,99.185,4.9,215.96
2025-05-01,T039,Maharashtra,West,Nashik,5G,Rooftop,222.76,152139,1696,1.115,154.22,29.15,17.66,419.9,99.028,2.7,162.82
2025-06-01,T039,Maharashtra,West,Nashik,5G,Rooftop,247.31,229410,2652,1.156,172.67,43.29,25.11,349.8,99.19,2.7,207.91
2025-07-01,T039,Maharashtra,West,Nashik,5G,Rooftop,260.64,235421,1834,0.779,137.43,33.3,21.66,504.8,98.831,1.8,229.71
2025-08-01,T039,Maharashtra,West,Nashik,5G,Rooftop,211.5,231925,1458,0.629,142.36,40.46,29.83,236.9,99.452,2.1,191.76
2025-09-01,T039,Maharashtra,West,Nashik,5G,Rooftop,264.98,124475,1251,1.006,163.94,40.83,19.78,271.3,99.372,6.2,250.27
2025-10-01,T039,Maharashtra,West,Nashik,5G,Rooftop,175.04,235849,2019,0.856,123.09,26.44,28.75,354.9,99.178,4.5,161.69
2025-11-01,T039,Maharashtra,West,Nashik,5G,Rooftop,226.07,156129,1530,0.98,156.3,34.84,27.63,349.1,99.192,1.3,198.35
2025-12-01,T039,Maharashtra,West,Nashik,5G,Rooftop,221.56,77562,764,0.986,155.0,44.16,24.24,120.3,99.722,4.0,156.97
2026-01-01,T039,Maharashtra,West,Nashik,5G,Rooftop,223.25,255514,2009,0.786,115.58,23.71,27.59,248.8,99.424,4.0,156.01
2026-02-01,T039,Maharashtra,West,Nashik,5G,Rooftop,221.48,243560,2604,1.069,166.4,30.02,21.7,269.4,99.376,2.4,175.32
2026-03-01,T039,Maharashtra,West,Nashik,5G,Rooftop,294.43,178536,2210,1.238,151.96,38.48,16.65,253.8,99.413,1.2,207.37
2026-04-01,T039,Maharashtra,West,Nashik,5G,Rooftop,238.26,227845,2446,1.074,141.02,34.36,28.03,248.7,99.424,4.1,178.36
2026-05-01,T039,Maharashtra,West,Nashik,5G,Rooftop,200.19,158863,1696,1.068,131.26,28.37,28.97,317.2,99.266,2.4,170.36
2026-06-01,T039,Maharashtra,West,Nashik,5G,Rooftop,228.31,235724,2220,0.942,148.0,38.93,26.35,470.5,98.911,6.5,201.35
2025-01-01,T040,Maharashtra,West,Nashik,5G,Macro,126.58,255022,2942,1.154,141.9,26.97,29.92,380.1,99.12,3.5,118.98
2025-02-01,T040,Maharashtra,West,Nashik,5G,Macro,168.6,259122,3419,1.319,137.09,31.55,28.24,486.7,98.873,7.3,133.13
2025-03-01,T040,Maharashtra,West,Nashik,5G,Macro,175.91,71744,560,0.781,116.57,22.54,22.49,368.3,99.147,4.0,136.12
2025-04-01,T040,Maharashtra,West,Nashik,5G,Macro,132.36,204683,1769,0.865,99.14,28.51,22.4,355.3,99.177,5.2,98.92
2025-05-01,T040,Maharashtra,West,Nashik,5G,Macro,169.81,253572,2284,0.901,133.77,30.43,25.53,126.7,99.707,4.3,134.82
2025-06-01,T040,Maharashtra,West,Nashik,5G,Macro,155.7,67373,489,0.726,136.86,32.79,26.84,285.1,99.34,5.9,119.59
2025-07-01,T040,Maharashtra,West,Nashik,5G,Macro,160.2,171306,1711,0.999,119.18,28.52,34.05,284.1,99.342,4.0,113.28
2025-08-01,T040,Maharashtra,West,Nashik,5G,Macro,152.47,225410,2429,1.078,138.94,28.8,35.08,367.9,99.148,7.4,124.28
2025-09-01,T040,Maharashtra,West,Nashik,5G,Macro,139.99,254303,2947,1.159,137.99,26.29,31.01,322.5,99.253,7.1,107.02
2025-10-01,T040,Maharashtra,West,Nashik,5G,Macro,145.16,208053,1908,0.917,147.86,37.6,30.94,145.1,99.664,2.9,117.66
2025-11-01,T040,Maharashtra,West,Nashik,5G,Macro,132.09,90252,877,0.972,160.4,35.15,18.16,214.8,99.503,3.3,110.78
2025-12-01,T040,Maharashtra,West,Nashik,5G,Macro,139.38,100558,1025,1.02,139.75,32.44,23.71,385.1,99.109,3.9,111.63
2026-01-01,T040,Maharashtra,West,Nashik,5G,Macro,168.44,118030,940,0.797,145.32,37.17,26.03,206.8,99.521,4.6,146.41
2026-02-01,T040,Maharashtra,West,Nashik,5G,Macro,174.83,97339,994,1.022,142.73,28.53,29.38,512.1,98.815,4.3,145.58
2026-03-01,T040,Maharashtra,West,Nashik,5G,Macro,136.46,129348,1018,0.788,132.93,29.36,31.14,313.4,99.275,5.2,102.91
2026-04-01,T040,Maharashtra,West,Nashik,5G,Macro,161.51,206873,1609,0.778,130.57,33.37,19.15,330.3,99.235,6.8,120.45
2026-05-01,T040,Maharashtra,West,Nashik,5G,Macro,142.85,189604,1768,0.933,144.58,36.77,22.99,265.1,99.386,4.2,114.78
2026-06-01,T040,Maharashtra,West,Nashik,5G,Macro,158.84,192323,2503,1.302,155.38,41.89,31.73,405.7,99.061,6.8,138.71
2025-01-01,T041,Gujarat,West,Ahmedabad,5G,Macro,130.85,111184,1285,1.156,141.92,36.18,28.07,200.5,99.536,4.8,106.87
2025-02-01,T041,Gujarat,West,Ahmedabad,5G,Macro,145.79,257319,1915,0.744,136.07,32.81,17.26,135.6,99.686,0.8,127.08
2025-03-01,T041,Gujarat,West,Ahmedabad,5G,Macro,116.44,104229,1223,1.174,126.27,25.46,36.14,424.8,99.017,11.9,102.75
2025-04-01,T041,Gujarat,West,Ahmedabad,5G,Macro,130.58,191827,1924,1.003,137.02,35.6,21.59,205.5,99.524,1.9,108.84
2025-05-01,T041,Gujarat,West,Ahmedabad,5G,Macro,116.89,217495,2181,1.003,142.22,31.67,30.41,336.8,99.22,1.6,94.36
2025-06-01,T041,Gujarat,West,Ahmedabad,5G,Macro,120.3,118478,695,0.587,162.77,43.06,26.32,424.5,99.017,3.9,95.39
2025-07-01,T041,Gujarat,West,Ahmedabad,5G,Macro,128.67,178781,1338,0.749,158.84,45.34,22.63,379.9,99.121,2.4,107.78
2025-08-01,T041,Gujarat,West,Ahmedabad,5G,Macro,120.52,235522,1904,0.809,129.08,26.87,23.88,360.6,99.165,0.5,85.1
2025-09-01,T041,Gujarat,West,Ahmedabad,5G,Macro,128.59,215689,2123,0.985,147.1,32.1,19.27,208.7,99.517,0.5,103.77
2025-10-01,T041,Gujarat,West,Ahmedabad,5G,Macro,108.8,200206,1668,0.833,150.66,27.51,26.25,215.3,99.502,1.9,97.89
2025-11-01,T041,Gujarat,West,Ahmedabad,5G,Macro,131.15,247032,2568,1.04,155.0,28.28,24.19,285.7,99.339,1.8,93.91
2025-12-01,T041,Gujarat,West,Ahmedabad,5G,Macro,97.02,236178,2732,1.157,125.78,33.37,22.95,407.3,99.057,1.5,83.66
2026-01-01,T041,Gujarat,West,Ahmedabad,5G,Macro,98.6,196857,2081,1.058,147.94,38.94,25.42,212.6,99.508,2.8,73.22
2026-02-01,T041,Gujarat,West,Ahmedabad,5G,Macro,131.55,171080,1796,1.05,134.67,38.49,33.09,375.4,99.131,6.8,106.02
2026-03-01,T041,Gujarat,West,Ahmedabad,5G,Macro,133.7,207392,1896,0.915,139.97,37.98,25.74,477.9,98.894,2.3,91.19
2026-04-01,T041,Gujarat,West,Ahmedabad,5G,Macro,125.81,234475,1781,0.76,150.23,34.79,28.41,107.9,99.75,2.3,100.66
2026-05-01,T041,Gujarat,West,Ahmedabad,5G,Macro,122.59,180608,1792,0.992,149.2,28.34,28.03,217.4,99.497,5.0,96.02
2026-06-01,T041,Gujarat,West,Ahmedabad,5G,Macro,117.98,234877,2095,0.892,149.69,27.1,23.54,115.8,99.732,2.2,97.57
2025-01-01,T042,Gujarat,West,Ahmedabad,5G,Macro,185.99,130939,1200,0.917,143.13,36.75,24.38,484.9,98.878,6.8,151.96
2025-02-01,T042,Gujarat,West,Ahmedabad,5G,Macro,222.82,105700,1225,1.159,109.97,31.88,30.92,485.8,98.876,9.4,180.55
2025-03-01,T042,Gujarat,West,Ahmedabad,5G,Macro,180.68,197173,1588,0.806,96.8,17.88,32.34,154.3,99.643,8.5,163.85
2025-04-01,T042,Gujarat,West,Ahmedabad,5G,Macro,226.94,180242,1328,0.737,153.68,39.02,27.27,314.1,99.273,3.1,212.17
2025-05-01,T042,Gujarat,West,Ahmedabad,5G,Macro,202.19,163871,1127,0.688,146.15,27.01,26.17,354.7,99.179,3.8,190.72
2025-06-01,T042,Gujarat,West,Ahmedabad,5G,Macro,212.49,150842,1482,0.983,133.65,32.74,17.3,432.3,98.999,4.0,188.47
2025-07-01,T042,Gujarat,West,Ahmedabad,5G,Macro,182.32,234767,2474,1.054,151.05,42.1,27.09,267.7,99.38,4.9,160.64
2025-08-01,T042,Gujarat,West,Ahmedabad,5G,Macro,160.59,89596,727,0.812,129.38,31.9,19.45,221.9,99.486,4.7,120.61
2025-09-01,T042,Gujarat,West,Ahmedabad,5G,Macro,176.37,205636,1961,0.954,127.15,30.64,27.22,596.3,98.62,7.1,124.36
2025-10-01,T042,Gujarat,West,Ahmedabad,5G,Macro,195.6,235775,2229,0.945,127.95,29.65,28.19,177.0,99.59,8.5,173.35
2025-11-01,T042,Gujarat,West,Ahmedabad,5G,Macro,226.26,217408,2170,0.998,77.83,20.21,26.44,310.4,99.281,5.6,171.95
2025-12-01,T042,Gujarat,West,Ahmedabad,5G,Macro,216.93,181284,2198,1.213,160.64,36.72,26.11,111.3,99.742,6.7,159.6
2026-01-01,T042,Gujarat,West,Ahmedabad,5G,Macro,211.18,240342,3340,1.39,150.88,31.97,28.84,313.0,99.275,7.2,199.31
2026-02-01,T042,Gujarat,West,Ahmedabad,5G,Macro,161.72,141074,1219,0.865,135.6,29.83,29.04,494.8,98.855,4.7,143.33
2026-03-01,T042,Gujarat,West,Ahmedabad,5G,Macro,230.08,178624,1550,0.868,129.83,34.12,21.88,478.7,98.892,4.2,196.39
2026-04-01,T042,Gujarat,West,Ahmedabad,5G,Macro,167.86,234245,2424,1.035,204.89,38.6,26.12,410.0,99.051,3.9,149.09
2026-05-01,T042,Gujarat,West,Ahmedabad,5G,Macro,244.65,223161,1768,0.792,128.82,28.81,23.76,47.9,99.889,3.6,184.29
2026-06-01,T042,Gujarat,West,Ahmedabad,5G,Macro,201.22,246192,2320,0.942,154.42,35.27,32.7,267.7,99.38,5.2,156.57
2025-01-01,T043,Gujarat,West,Surat,4G,Rooftop,185.57,211472,2702,1.278,61.71,16.79,39.47,297.2,99.312,3.0,7.72
2025-02-01,T043,Gujarat,West,Surat,4G,Rooftop,234.8,82091,1429,1.741,77.31,16.47,44.28,428.2,99.009,3.5,9.3
2025-03-01,T043,Gujarat,West,Surat,4G,Rooftop,175.04,159604,1972,1.236,53.97,14.06,37.64,245.5,99.432,0.4,2.4
2025-04-01,T043,Gujarat,West,Surat,4G,Rooftop,176.7,66408,739,1.113,60.5,13.75,38.31,371.4,99.14,0.2,3.57
2025-05-01,T043,Gujarat,West,Surat,4G,Rooftop,157.37,156958,2109,1.344,84.53,18.19,39.94,321.9,99.255,1.7,3.26
2025-06-01,T043,Gujarat,West,Surat,4G,Rooftop,197.56,101377,1342,1.324,54.83,14.1,32.73,170.0,99.606,4.4,6.65
2025-07-01,T043,Gujarat,West,Surat,4G,Rooftop,252.57,214194,2484,1.16,55.03,10.18,37.37,268.1,99.379,3.6,6.19
2025-08-01,T043,Gujarat,West,Surat,4G,Rooftop,228.4,109726,1678,1.53,58.68,12.24,34.49,229.2,99.469,1.0,8.49
2025-09-01,T043,Gujarat,West,Surat,4G,Rooftop,225.74,127645,1850,1.449,58.36,13.68,36.56,428.8,99.007,5.4,1.19
2025-10-01,T043,Gujarat,West,Surat,4G,Rooftop,233.88,65089,905,1.391,35.79,8.8,43.25,500.2,98.842,4.1,6.99
2025-11-01,T043,Gujarat,West,Surat,4G,Rooftop,185.34,146688,1517,1.034,43.01,8.75,33.27,183.0,99.576,1.1,1.43
2025-12-01,T043,Gujarat,West,Surat,4G,Rooftop,220.27,73003,988,1.354,44.8,9.6,47.32,172.0,99.602,1.3,10.24
2026-01-01,T043,Gujarat,West,Surat,4G,Rooftop,205.04,253271,3158,1.247,72.91,17.42,35.55,174.3,99.597,1.2,7.27
2026-02-01,T043,Gujarat,West,Surat,4G,Rooftop,225.0,72042,976,1.355,44.44,8.06,45.7,571.4,98.677,8.0,7.76
2026-03-01,T043,Gujarat,West,Surat,4G,Rooftop,201.32,156093,2259,1.447,40.94,10.15,49.81,216.2,99.499,5.6,4.84
2026-04-01,T043,Gujarat,West,Surat,4G,Rooftop,237.92,258971,3037,1.173,33.38,7.64,35.25,365.6,99.154,2.4,7.41
2026-05-01,T043,Gujarat,West,Surat,4G,Rooftop,187.58,179934,2606,1.448,85.47,21.13,39.71,488.8,98.869,4.8,6.29
2026-06-01,T043,Gujarat,West,Surat,4G,Rooftop,188.63,232398,3360,1.446,70.37,19.47,36.78,178.4,99.587,3.4,3.28
2025-01-01,T044,Gujarat,West,Surat,5G,Macro,295.6,132418,1262,0.953,148.63,30.96,21.67,214.5,99.504,1.1,244.7
2025-02-01,T044,Gujarat,West,Surat,5G,Macro,360.63,150962,1505,0.997,113.38,24.14,26.13,353.5,99.182,4.6,341.42
2025-03-01,T044,Gujarat,West,Surat,5G,Macro,288.35,246317,2895,1.175,147.54,41.35,29.22,239.6,99.445,0.9,206.26
2025-04-01,T044,Gujarat,West,Surat,5G,Macro,246.58,146833,1226,0.835,157.33,40.73,30.6,302.0,99.301,3.4,196.67
2025-05-01,T044,Gujarat,West,Surat,5G,Macro,308.88,102718,1004,0.978,146.98,36.02,25.9,345.5,99.2,1.4,280.5
2025-06-01,T044,Gujarat,West,Surat,5G,Macro,274.19,124902,1041,0.833,153.36,43.32,25.48,164.6,99.619,0.6,223.07
2025-07-01,T044,Gujarat,West,Surat,5G,Macro,356.35,95146,1031,1.084,129.13,27.23,28.46,282.5,99.346,1.3,331.94
2025-08-01,T044,Gujarat,West,Surat,5G,Macro,235.23,176666,1647,0.933,157.43,29.21,31.14,225.6,99.478,3.7,161.68
2025-09-01,T044,Gujarat,West,Surat,5G,Macro,311.56,86521,948,1.096,151.21,37.4,28.62,367.1,99.15,2.4,214.81
2025-10-01,T044,Gujarat,West,Surat,5G,Macro,201.36,243465,1949,0.801,174.32,47.81,22.94,348.8,99.193,0.7,163.93
2025-11-01,T044,Gujarat,West,Surat,5G,Macro,328.58,111682,1204,1.079,149.89,35.62,21.56,496.1,98.852,3.7,225.28
2025-12-01,T044,Gujarat,West,Surat,5G,Macro,259.29,117847,1099,0.933,153.13,36.92,29.76,217.5,99.496,2.4,211.66
2026-01-01,T044,Gujarat,West,Surat,5G,Macro,262.22,244016,1093,0.448,148.14,37.78,15.73,256.1,99.407,1.5,218.06
2026-02-01,T044,Gujarat,West,Surat,5G,Macro,261.81,133551,990,0.741,178.08,42.12,22.25,62.9,99.854,1.9,243.7
2026-03-01,T044,Gujarat,West,Surat,5G,Macro,309.27,246876,2493,1.01,116.49,25.71,21.04,319.9,99.259,4.9,251.34
2026-04-01,T044,Gujarat,West,Surat,5G,Macro,262.82,166985,1004,0.601,124.45,33.99,27.35,246.1,99.43,3.8,223.56
2026-05-01,T044,Gujarat,West,Surat,5G,Macro,304.05,251563,2765,1.099,175.89,34.14,25.35,229.0,99.47,3.6,229.87
2026-06-01,T044,Gujarat,West,Surat,5G,Macro,258.59,151257,1523,1.007,137.45,33.14,26.06,93.0,99.785,4.3,217.76
2025-01-01,T045,Gujarat,West,Vadodara,5G,Macro,174.32,131873,1220,0.926,140.02,27.49,22.03,394.1,99.088,3.4,147.93
2025-02-01,T045,Gujarat,West,Vadodara,5G,Macro,200.13,211270,1809,0.856,120.5,22.98,23.45,265.6,99.385,4.8,145.96
2025-03-01,T045,Gujarat,West,Vadodara,5G,Macro,198.59,112959,1071,0.949,136.55,32.23,21.12,465.1,98.923,1.2,159.67
2025-04-01,T045,Gujarat,West,Vadodara,5G,Macro,235.22,91162,974,1.069,166.64,46.17,19.19,357.5,99.173,0.7,197.54
2025-05-01,T045,Gujarat,West,Vadodara,5G,Macro,204.04,82904,723,0.872,143.04,29.16,18.15,247.5,99.427,1.5,163.51
2025-06-01,T045,Gujarat,West,Vadodara,5G,Macro,228.94,74880,845,1.129,148.16,42.53,27.58,296.4,99.314,4.5,209.48
2025-07-01,T045,Gujarat,West,Vadodara,5G,Macro,199.75,131908,1199,0.909,161.37,40.24,23.49,267.5,99.381,1.5,156.14
2025-08-01,T045,Gujarat,West,Vadodara,5G,Macro,197.89,227269,2574,1.133,122.03,23.66,27.01,395.1,99.086,5.1,150.33
2025-09-01,T045,Gujarat,West,Vadodara,5G,Macro,197.76,244936,2698,1.102,124.83,34.02,19.19,97.9,99.773,4.2,179.28
2025-10-01,T045,Gujarat,West,Vadodara,5G,Macro,216.04,222569,1857,0.835,170.0,32.43,20.36,254.8,99.41,2.5,189.36
2025-11-01,T045,Gujarat,West,Vadodara,5G,Macro,195.65,90786,800,0.881,164.65,44.81,21.74,349.3,99.191,1.9,169.45
2025-12-01,T045,Gujarat,West,Vadodara,5G,Macro,225.43,248775,2523,1.014,137.28,27.57,22.18,365.9,99.153,1.2,185.25
2026-01-01,T045,Gujarat,West,Vadodara,5G,Macro,226.06,254970,1814,0.712,148.91,41.11,22.63,274.8,99.364,3.5,201.9
2026-02-01,T045,Gujarat,West,Vadodara,5G,Macro,258.79,126956,1362,1.073,141.56,35.14,30.9,338.0,99.218,1.9,214.37
2026-03-01,T045,Gujarat,West,Vadodara,5G,Macro,188.93,141619,1125,0.795,137.27,26.65,22.28,480.8,98.887,0.9,137.13
2026-04-01,T045,Gujarat,West,Vadodara,5G,Macro,221.73,144041,1541,1.07,148.86,27.66,25.42,359.6,99.168,1.9,163.61
2026-05-01,T045,Gujarat,West,Vadodara,5G,Macro,183.17,213483,1551,0.727,123.04,28.85,27.35,438.4,98.985,4.1,145.79
2026-06-01,T045,Gujarat,West,Vadodara,5G,Macro,184.79,167034,1359,0.814,131.3,26.88,26.53,236.4,99.453,2.0,152.75
2025-01-01,T046,Gujarat,West,Vadodara,4G,Macro,139.85,212856,2660,1.25,40.62,9.98,43.86,446.0,98.968,4.0,2.33
2025-02-01,T046,Gujarat,West,Vadodara,4G,Macro,168.07,131720,1902,1.444,39.44,8.37,33.96,274.9,99.364,7.7,6.03
2025-03-01,T046,Gujarat,West,Vadodara,4G,Macro,179.63,133366,1740,1.305,44.41,10.2,43.16,328.8,99.239,2.8,1.92
2025-04-01,T046,Gujarat,West,Vadodara,4G,Macro,177.49,88381,1066,1.207,41.18,11.66,33.21,469.3,98.914,3.7,7.02
2025-05-01,T046,Gujarat,West,Vadodara,4G,Macro,190.75,253106,3208,1.268,44.79,10.09,45.13,430.7,99.003,7.5,1.31
2025-06-01,T046,Gujarat,West,Vadodara,4G,Macro,173.81,194147,2485,1.28,60.13,17.23,36.52,341.7,99.209,6.8,4.37
2025-07-01,T046,Gujarat,West,Vadodara,4G,Macro,160.9,235003,3086,1.314,35.2,8.71,41.33,250.7,99.42,3.0,6.0
2025-08-01,T046,Gujarat,West,Vadodara,4G,Macro,146.28,152631,2414,1.582,43.41,12.19,46.06,12.4,99.971,4.9,0.83
2025-09-01,T046,Gujarat,West,Vadodara,4G,Macro,153.17,163045,2442,1.498,46.8,9.01,37.34,92.3,99.786,5.1,7.39
2025-10-01,T046,Gujarat,West,Vadodara,4G,Macro,190.19,171929,2362,1.374,64.49,13.1,45.07,381.8,99.116,4.6,0.39
2025-11-01,T046,Gujarat,West,Vadodara,4G,Macro,172.58,189460,2355,1.243,19.8,4.34,40.18,496.7,98.85,4.0,5.57
2025-12-01,T046,Gujarat,West,Vadodara,4G,Macro,176.52,202600,2882,1.423,55.19,13.21,46.11,250.4,99.42,4.7,6.87
2026-01-01,T046,Gujarat,West,Vadodara,4G,Macro,156.44,119790,1659,1.385,32.81,9.36,47.27,306.0,99.292,9.4,1.35
2026-02-01,T046,Gujarat,West,Vadodara,4G,Macro,157.92,253735,3193,1.259,61.53,14.41,38.07,347.3,99.196,6.4,5.76
2026-03-01,T046,Gujarat,West,Vadodara,4G,Macro,144.34,210005,2748,1.309,72.43,17.72,39.62,355.4,99.177,5.2,1.13
2026-04-01,T046,Gujarat,West,Vadodara,4G,Macro,169.43,226315,2588,1.144,10.08,3,40.34,279.2,99.354,8.1,2.05
2026-05-01,T046,Gujarat,West,Vadodara,4G,Macro,170.18,114492,1319,1.153,37.69,7.3,52.81,240.8,99.443,3.9,8.17
2026-06-01,T046,Gujarat,West,Vadodara,4G,Macro,172.95,114634,1437,1.254,57.93,16.68,46.33,307.6,99.288,3.1,0.07
2025-01-01,T047,Delhi NCR,North,Delhi,4G,Macro,148.92,224482,3145,1.401,20.31,5.33,48.86,505.1,98.831,5.5,4.65
2025-02-01,T047,Delhi NCR,North,Delhi,4G,Macro,134.7,98839,1257,1.272,66.21,12.74,49.84,424.0,99.018,6.0,4.32
2025-03-01,T047,Delhi NCR,North,Delhi,4G,Macro,143.66,173097,2008,1.16,23.26,5.66,45.21,394.9,99.086,4.8,6.06
2025-04-01,T047,Delhi NCR,North,Delhi,4G,Macro,130.48,164796,2205,1.338,43.55,12.23,46.26,179.7,99.584,3.8,2.76
2025-05-01,T047,Delhi NCR,North,Delhi,4G,Macro,130.99,157509,2090,1.327,52.32,14.0,49.02,65.6,99.848,7.7,1.37
2025-06-01,T047,Delhi NCR,North,Delhi,4G,Macro,131.32,230704,2990,1.296,30.43,5.61,48.97,257.2,99.405,4.5,0.07
2025-07-01,T047,Delhi NCR,North,Delhi,4G,Macro,138.04,239882,3247,1.354,36.51,7.05,44.35,79.1,99.817,3.6,5.16
2025-08-01,T047,Delhi NCR,North,Delhi,4G,Macro,136.43,142618,1813,1.271,58.14,12.7,50.68,255.1,99.41,5.3,1.99
2025-09-01,T047,Delhi NCR,North,Delhi,4G,Macro,117.31,203410,2669,1.312,39.78,9.06,44.61,411.8,99.047,9.6,4.55
2025-10-01,T047,Delhi NCR,North,Delhi,4G,Macro,138.39,201126,2494,1.24,59.52,14.7,43.73,295.4,99.316,4.4,4.36
2025-11-01,T047,Delhi NCR,North,Delhi,4G,Macro,119.74,172861,2595,1.501,38.86,8.56,42.64,276.4,99.36,3.3,5.94
2025-12-01,T047,Delhi NCR,North,Delhi,4G,Macro,117.55,177738,2553,1.436,38.78,10.78,47.08,386.5,99.105,7.3,0.42
2026-01-01,T047,Delhi NCR,North,Delhi,4G,Macro,145.97,206293,2689,1.304,27.63,5.55,35.2,316.3,99.268,4.8,2.4
2026-02-01,T047,Delhi NCR,North,Delhi,4G,Macro,128.92,174098,2602,1.495,29.14,8.03,51.47,359.7,99.167,13.6,1.1
2026-03-01,T047,Delhi NCR,North,Delhi,4G,Macro,129.43,246494,2878,1.168,63.44,17.91,42.48,340.0,99.213,4.6,1.18
2026-04-01,T047,Delhi NCR,North,Delhi,4G,Macro,133.26,220406,2716,1.233,53.46,12.75,46.3,618.0,98.569,6.8,5.17
2026-05-01,T047,Delhi NCR,North,Delhi,4G,Macro,105.12,150031,2160,1.44,19.37,5.29,48.52,551.9,98.722,10.9,2.26
2026-06-01,T047,Delhi NCR,North,Delhi,4G,Macro,133.23,188142,3110,1.653,16.1,3.21,45.96,607.8,98.593,14.1,5.68
2025-01-01,T048,Delhi NCR,North,Delhi,5G,Macro,100.08,77715,800,1.03,138.47,26.84,38.3,517.4,98.802,5.7,91.21
2025-02-01,T048,Delhi NCR,North,Delhi,5G,Macro,154.48,180838,1952,1.08,97.26,20.97,29.52,170.9,99.604,6.1,140.62
2025-03-01,T048,Delhi NCR,North,Delhi,5G,Macro,132.56,163187,962,0.59,135.13,27.66,21.38,424.7,99.017,4.6,121.38
2025-04-01,T048,Delhi NCR,North,Delhi,5G,Macro,163.36,158199,1311,0.829,137.37,30.94,27.56,8.6,99.98,4.6,131.62
2025-05-01,T048,Delhi NCR,North,Delhi,5G,Macro,180.45,259281,2687,1.036,160.66,33.39,30.42,319.6,99.26,5.0,164.57
2025-06-01,T048,Delhi NCR,North,Delhi,5G,Macro,129.64,109786,857,0.781,116.2,32.78,25.83,156.5,99.638,3.1,95.61
2025-07-01,T048,Delhi NCR,North,Delhi,5G,Macro,161.69,208834,2275,1.089,148.72,31.55,23.77,214.2,99.504,6.6,133.11
2025-08-01,T048,Delhi NCR,North,Delhi,5G,Macro,141.86,220082,2835,1.288,125.86,23.51,34.3,456.6,98.943,9.3,104.41
2025-09-01,T048,Delhi NCR,North,Delhi,5G,Macro,147.94,133598,1136,0.851,163.44,42.5,31.73,281.2,99.349,4.9,122.2
2025-10-01,T048,Delhi NCR,North,Delhi,5G,Macro,154.23,116196,964,0.83,125.04,26.47,26.78,287.5,99.334,3.4,121.34
2025-11-01,T048,Delhi NCR,North,Delhi,5G,Macro,146.14,106905,1040,0.973,117.2,26.21,28.55,140.2,99.676,6.4,104.04
2025-12-01,T048,Delhi NCR,North,Delhi,5G,Macro,136.59,233572,2067,0.885,143.19,39.95,26.14,395.5,99.084,5.6,96.83
2026-01-01,T048,Delhi NCR,North,Delhi,5G,Macro,145.48,74396,680,0.915,129.72,26.33,18.66,327.1,99.243,5.4,113.99
2026-02-01,T048,Delhi NCR,North,Delhi,5G,Macro,155.45,125977,1204,0.956,163.36,39.21,20.62,373.9,99.134,5.3,147.26
2026-03-01,T048,Delhi NCR,North,Delhi,5G,Macro,109.28,119661,1328,1.111,139.06,33.74,30.32,491.5,98.862,4.3,80.77
2026-04-01,T048,Delhi NCR,North,Delhi,5G,Macro,145.5,103775,1160,1.118,118.03,30.06,33.12,394.6,99.087,7.4,110.12
2026-05-01,T048,Delhi NCR,North,Delhi,5G,Macro,135.43,160431,1718,1.071,153.6,36.13,40.17,502.7,98.836,11.4,108.51
2026-06-01,T048,Delhi NCR,North,Delhi,5G,Macro,136.88,155464,1745,1.123,120.1,26.2,23.35,249.5,99.423,4.7,115.79
2025-01-01,T049,Delhi NCR,North,Delhi,5G,Rooftop,336.36,193566,1769,0.914,115.0,28.46,24.72,236.3,99.453,4.6,257.04
2025-02-01,T049,Delhi NCR,North,Delhi,5G,Rooftop,304.78,252047,2873,1.14,173.89,41.5,27.15,244.0,99.435,5.8,223.69
2025-03-01,T049,Delhi NCR,North,Delhi,5G,Rooftop,277.71,224674,2167,0.965,108.17,20.66,20.03,272.2,99.37,2.5,203.3
2025-04-01,T049,Delhi NCR,North,Delhi,5G,Rooftop,249.45,188677,2305,1.222,153.19,28.76,26.65,94.7,99.781,1.8,191.16
2025-05-01,T049,Delhi NCR,North,Delhi,5G,Rooftop,332.85,170483,1963,1.151,149.43,43.19,25.33,183.0,99.576,1.4,243.18
2025-06-01,T049,Delhi NCR,North,Delhi,5G,Rooftop,263.8,166707,1430,0.858,145.36,33.9,23.52,301.1,99.303,0.6,236.4
2025-07-01,T049,Delhi NCR,North,Delhi,5G,Rooftop,296.62,101569,1049,1.034,126.41,32.54,28.2,398.6,99.077,3.7,243.64
2025-08-01,T049,Delhi NCR,North,Delhi,5G,Rooftop,274.53,90266,554,0.614,169.64,32.39,30.36,230.3,99.467,0.4,226.13
2025-09-01,T049,Delhi NCR,North,Delhi,5G,Rooftop,303.13,110249,1061,0.963,139.34,33.1,22.55,232.5,99.462,3.6,266.69
2025-10-01,T049,Delhi NCR,North,Delhi,5G,Rooftop,323.05,145156,1454,1.002,153.32,40.71,17.29,328.6,99.239,1.9,251.49
2025-11-01,T049,Delhi NCR,North,Delhi,5G,Rooftop,317.73,209584,1802,0.86,126.07,27.5,24.23,343.7,99.204,0.7,251.59
2025-12-01,T049,Delhi NCR,North,Delhi,5G,Rooftop,370.51,193352,2188,1.132,114.94,28.57,23.35,250.2,99.421,5.5,309.06
2026-01-01,T049,Delhi NCR,North,Delhi,5G,Rooftop,275.91,232993,2268,0.974,159.67,37.98,36.01,372.8,99.137,5.3,236.19
2026-02-01,T049,Delhi NCR,North,Delhi,5G,Rooftop,266.69,225546,2883,1.279,139.45,32.61,26.64,199.7,99.538,3.8,188.17
2026-03-01,T049,Delhi NCR,North,Delhi,5G,Rooftop,293.31,122800,1375,1.12,123.24,30.92,17.08,182.8,99.577,1.1,210.96
2026-04-01,T049,Delhi NCR,North,Delhi,5G,Rooftop,254.35,88380,811,0.918,148.57,33.99,20.95,300.5,99.304,8.8,222.7
2026-05-01,T049,Delhi NCR,North,Delhi,5G,Rooftop,317.32,141608,1246,0.88,154.78,29.57,29.75,360.5,99.166,5.0,219.14
2026-06-01,T049,Delhi NCR,North,Delhi,5G,Rooftop,257.46,163766,1312,0.801,151.78,40.28,28.18,349.8,99.19,0.5,199.25
2025-01-01,T050,Delhi NCR,North,Delhi,5G,Small Cell,217.19,192916,1637,0.849,159.31,29.77,20.55,231.3,99.465,3.2,183.02
2025-02-01,T050,Delhi NCR,North,Delhi,5G,Small Cell,225.75,197924,2283,1.154,123.57,29.83,21.6,444.7,98.971,6.3,205.5
2025-03-01,T050,Delhi NCR,North,Delhi,5G,Small Cell,133.11,245507,3060,1.247,121.97,24.91,15.52,188.6,99.564,3.2,125.58
2025-04-01,T050,Delhi NCR,North,Delhi,5G,Small Cell,186.84,124950,1209,0.968,120.12,27.65,25.17,256.7,99.406,3.3,156.91
2025-05-01,T050,Delhi NCR,North,Delhi,5G,Small Cell,193.94,254563,3112,1.223,124.36,29.17,26.38,345.3,99.201,8.8,173.62
2025-06-01,T050,Delhi NCR,North,Delhi,5G,Small Cell,184.35,168566,1282,0.761,127.47,24.51,31.88,351.1,99.187,1.2,147.5
2025-07-01,T050,Delhi NCR,North,Delhi,5G,Small Cell,183.0,207031,1698,0.82,142.96,41.27,28.79,317.5,99.265,4.8,141.79
2025-08-01,T050,Delhi NCR,North,Delhi,5G,Small Cell,210.51,160080,1279,0.799,150.19,32.73,26.91,438.5,98.985,2.2,164.54
2025-09-01,T050,Delhi NCR,North,Delhi,5G,Small Cell,161.79,229767,2016,0.878,151.52,29.66,31.67,277.6,99.357,4.0,136.88
2025-10-01,T050,Delhi NCR,North,Delhi,5G,Small Cell,176.9,100884,1135,1.125,122.92,34.46,28.82,139.1,99.678,4.8,153.26
2025-11-01,T050,Delhi NCR,North,Delhi,5G,Small Cell,208.69,123761,1437,1.162,157.76,32.35,24.29,152.8,99.646,3.3,192.56
2025-12-01,T050,Delhi NCR,North,Delhi,5G,Small Cell,196.22,96135,849,0.884,112.81,27.18,22.93,408.3,99.055,2.9,142.81
2026-01-01,T050,Delhi NCR,North,Delhi,5G,Small Cell,207.24,191382,2312,1.208,147.07,34.41,26.56,301.9,99.301,4.6,140.95
2026-02-01,T050,Delhi NCR,North,Delhi,5G,Small Cell,203.99,157525,1223,0.777,170.76,36.8,16.77,399.1,99.076,0.8,149.86
2026-03-01,T050,Delhi NCR,North,Delhi,5G,Small Cell,180.08,202026,2317,1.147,145.46,27.14,24.68,245.7,99.431,1.5,157.31
2026-04-01,T050,Delhi NCR,North,Delhi,5G,Small Cell,179.65,252779,1934,0.765,155.02,32.41,25.88,202.2,99.532,0.5,149.21
2026-05-01,T050,Delhi NCR,North,Delhi,5G,Small Cell,199.51,222357,1524,0.685,145.94,28.49,16.08,191.9,99.556,0.8,155.48
2026-06-01,T050,Delhi NCR,North,Delhi,5G,Small Cell,177.71,96804,1131,1.169,161.19,43.61,31.97,339.9,99.213,3.0,124.3
2025-01-01,T051,Delhi NCR,North,Gurugram,5G,Small Cell,299.17,113897,1120,0.983,158.14,39.33,21.18,377.3,99.127,5.0,262.87
2025-02-01,T051,Delhi NCR,North,Gurugram,5G,Small Cell,326.75,114702,1062,0.927,137.66,34.83,21.39,275.6,99.362,3.6,250.12
2025-03-01,T051,Delhi NCR,North,Gurugram,5G,Small Cell,272.41,190487,2159,1.134,146.92,26.99,29.15,36.7,99.915,6.8,240.12
2025-04-01,T051,Delhi NCR,North,Gurugram,5G,Small Cell,324.98,133283,1484,1.114,125.6,29.83,34.11,278.9,99.354,4.9,292.49
2025-05-01,T051,Delhi NCR,North,Gurugram,5G,Small Cell,325.64,153186,1273,0.831,124.62,28.56,35.44,349.7,99.19,6.0,250.38
2025-06-01,T051,Delhi NCR,North,Gurugram,5G,Small Cell,374.19,101548,903,0.89,161.82,40.4,22.44,296.1,99.314,4.4,295.09
2025-07-01,T051,Delhi NCR,North,Gurugram,5G,Small Cell,281.4,223208,1632,0.731,119.81,26.4,26.03,148.3,99.657,5.4,200.46
2025-08-01,T051,Delhi NCR,North,Gurugram,5G,Small Cell,288.52,259635,2661,1.025,141.14,35.8,21.98,249.6,99.422,4.3,229.26
2025-09-01,T051,Delhi NCR,North,Gurugram,5G,Small Cell,287.18,139035,1488,1.071,168.44,33.0,21.25,253.4,99.413,4.3,216.68
2025-10-01,T051,Delhi NCR,North,Gurugram,5G,Small Cell,320.92,134661,1445,1.074,153.48,44.22,14.88,253.9,99.412,3.0,247.15
2025-11-01,T051,Delhi NCR,North,Gurugram,5G,Small Cell,294.62,172900,1273,0.737,161.07,31.39,28.34,460.9,98.933,2.8,252.42
2025-12-01,T051,Delhi NCR,North,Gurugram,5G,Small Cell,340.62,180532,1701,0.943,129.7,23.46,23.28,401.5,99.071,8.8,240.32
2026-01-01,T051,Delhi NCR,North,Gurugram,5G,Small Cell,241.24,155796,1536,0.987,153.57,28.85,22.47,261.0,99.396,3.3,170.28
2026-02-01,T051,Delhi NCR,North,Gurugram,5G,Small Cell,334.68,204885,2355,1.15,129.48,34.17,29.03,250.7,99.42,5.2,285.13
2026-03-01,T051,Delhi NCR,North,Gurugram,5G,Small Cell,353.41,86105,857,0.996,147.5,39.48,28.88,309.3,99.284,5.2,262.68
2026-04-01,T051,Delhi NCR,North,Gurugram,5G,Small Cell,277.64,138946,1328,0.956,174.99,49.11,32.71,268.2,99.379,5.8,258.97
2026-05-01,T051,Delhi NCR,North,Gurugram,5G,Small Cell,287.0,126622,1220,0.964,118.29,32.38,22.75,330.2,99.236,3.7,236.67
2026-06-01,T051,Delhi NCR,North,Gurugram,5G,Small Cell,285.1,93164,735,0.79,162.19,29.51,32.58,111.4,99.742,4.1,251.92
2025-01-01,T052,Delhi NCR,North,Gurugram,5G,Macro,327.56,163682,1476,0.902,115.29,30.59,27.91,330.5,99.235,4.9,310.85
2025-02-01,T052,Delhi NCR,North,Gurugram,5G,Macro,410.8,209155,1842,0.881,126.35,35.29,26.01,626.0,98.551,4.2,375.47
2025-03-01,T052,Delhi NCR,North,Gurugram,5G,Macro,389.83,106306,1041,0.98,154.6,30.27,14.51,285.3,99.34,2.9,306.88
2025-04-01,T052,Delhi NCR,North,Gurugram,5G,Macro,343.44,219053,2250,1.027,152.92,42.47,21.1,549.5,98.728,5.6,257.08
2025-05-01,T052,Delhi NCR,North,Gurugram,5G,Macro,385.46,132309,1330,1.006,119.21,30.9,36.76,300.4,99.305,6.4,332.03
2025-06-01,T052,Delhi NCR,North,Gurugram,5G,Macro,385.58,119573,933,0.781,130.85,27.14,33.47,306.2,99.291,5.7,311.82
2025-07-01,T052,Delhi NCR,North,Gurugram,5G,Macro,350.52,243689,2261,0.928,143.2,39.8,19.1,225.0,99.479,3.0,243.26
2025-08-01,T052,Delhi NCR,North,Gurugram,5G,Macro,365.11,230357,2788,1.21,143.85,35.55,30.53,431.3,99.002,5.3,314.67
2025-09-01,T052,Delhi NCR,North,Gurugram,5G,Macro,342.77,233875,2413,1.032,149.57,40.24,27.09,163.8,99.621,2.9,315.26
2025-10-01,T052,Delhi NCR,North,Gurugram,5G,Macro,419.33,177809,1440,0.81,124.49,29.36,15.75,679.5,98.427,4.7,364.88
2025-11-01,T052,Delhi NCR,North,Gurugram,5G,Macro,365.27,237329,2409,1.015,126.95,29.21,28.43,299.3,99.307,5.5,338.58
2025-12-01,T052,Delhi NCR,North,Gurugram,5G,Macro,380.19,75060,710,0.947,115.84,23.92,30.71,336.2,99.222,7.9,332.16
2026-01-01,T052,Delhi NCR,North,Gurugram,5G,Macro,320.25,227714,1863,0.818,147.34,32.6,26.75,364.4,99.157,5.7,278.11
2026-02-01,T052,Delhi NCR,North,Gurugram,5G,Macro,406.35,193948,1869,0.964,154.58,36.22,27.72,499.8,98.843,8.2,328.24
2026-03-01,T052,Delhi NCR,North,Gurugram,5G,Macro,388.17,174769,2020,1.156,144.7,32.59,35.42,435.0,98.993,4.1,306.15
2026-04-01,T052,Delhi NCR,North,Gurugram,5G,Macro,301.32,142495,1296,0.91,130.74,33.3,27.4,149.4,99.654,2.9,268.61
2026-05-01,T052,Delhi NCR,North,Gurugram,5G,Macro,418.88,185535,1551,0.836,122.5,28.25,22.79,209.9,99.514,7.0,347.58
2026-06-01,T052,Delhi NCR,North,Gurugram,5G,Macro,431.23,145748,1445,0.992,115.95,21.12,27.61,347.8,99.195,5.6,325.49
2025-01-01,T053,Delhi NCR,North,Noida,5G,Small Cell,166.57,69336,587,0.848,127.13,32.53,24.1,219.9,99.491,1.1,114.95
2025-02-01,T053,Delhi NCR,North,Noida,5G,Small Cell,145.09,197898,1424,0.72,123.92,23.66,19.71,172.2,99.601,1.0,107.57
2025-03-01,T053,Delhi NCR,North,Noida,5G,Small Cell,143.64,107844,1154,1.07,155.17,37.05,35.12,369.1,99.146,6.0,118.22
2025-04-01,T053,Delhi NCR,North,Noida,5G,Small Cell,163.45,198168,2195,1.108,111.52,32.17,23.97,197.5,99.543,2.1,141.8
2025-05-01,T053,Delhi NCR,North,Noida,5G,Small Cell,117.57,83865,753,0.899,127.6,36.76,28.57,276.3,99.36,3.3,84.32
2025-06-01,T053,Delhi NCR,North,Noida,5G,Small Cell,144.81,248996,2760,1.109,139.58,33.8,25.42,277.6,99.357,1.2,104.83
2025-07-01,T053,Delhi NCR,North,Noida,5G,Small Cell,146.12,180011,2218,1.232,137.55,26.97,22.38,563.5,98.696,3.6,134.26
2025-08-01,T053,Delhi NCR,North,Noida,5G,Small Cell,133.5,218683,2524,1.155,100.14,28.19,29.36,383.8,99.112,6.1,125.41
2025-09-01,T053,Delhi NCR,North,Noida,5G,Small Cell,135.62,105479,1126,1.068,129.2,30.81,25.41,180.5,99.582,1.3,113.0
2025-10-01,T053,Delhi NCR,North,Noida,5G,Small Cell,177.21,236258,1388,0.588,158.08,37.76,24.65,412.1,99.046,1.2,131.35
2025-11-01,T053,Delhi NCR,North,Noida,5G,Small Cell,153.87,89876,769,0.856,146.37,38.0,17.83,326.4,99.245,3.3,123.2
2025-12-01,T053,Delhi NCR,North,Noida,5G,Small Cell,152.19,241956,1892,0.782,128.0,28.73,23.58,254.2,99.411,3.0,136.84
2026-01-01,T053,Delhi NCR,North,Noida,5G,Small Cell,125.06,111567,1331,1.194,167.98,38.59,29.0,358.4,99.17,2.6,98.32
2026-02-01,T053,Delhi NCR,North,Noida,5G,Small Cell,126.8,108867,1076,0.989,129.58,29.64,28.42,252.8,99.415,4.4,109.45
2026-03-01,T053,Delhi NCR,North,Noida,5G,Small Cell,139.65,110284,1001,0.908,182.39,35.89,28.64,133.2,99.692,4.6,126.64
2026-04-01,T053,Delhi NCR,North,Noida,5G,Small Cell,120.52,146860,1363,0.929,158.77,36.81,26.34,275.0,99.363,2.3,90.4
2026-05-01,T053,Delhi NCR,North,Noida,5G,Small Cell,162.19,191443,1319,0.689,119.8,22.86,24.25,245.9,99.431,2.0,115.15
2026-06-01,T053,Delhi NCR,North,Noida,5G,Small Cell,121.17,122069,1321,1.082,143.35,41.04,31.76,592.4,98.629,6.3,94.06
2025-01-01,T054,Delhi NCR,North,Noida,5G,Macro,241.72,69662,679,0.975,136.1,34.03,18.95,334.8,99.225,4.4,167.14
2025-02-01,T054,Delhi NCR,North,Noida,5G,Macro,268.91,119054,1309,1.1,135.83,29.16,30.37,579.4,98.659,4.4,230.94
2025-03-01,T054,Delhi NCR,North,Noida,5G,Macro,230.36,116212,881,0.759,161.98,36.24,23.77,374.6,99.133,3.2,193.31
2025-04-01,T054,Delhi NCR,North,Noida,5G,Macro,288.92,190744,1571,0.824,190.79,49.24,24.25,157.3,99.636,0.5,225.91
2025-05-01,T054,Delhi NCR,North,Noida,5G,Macro,299.31,75223,555,0.738,121.9,28.28,29.24,260.9,99.396,6.2,229.32
2025-06-01,T054,Delhi NCR,North,Noida,5G,Macro,240.74,66274,558,0.843,158.42,30.7,17.29,247.6,99.427,1.9,171.38
2025-07-01,T054,Delhi NCR,North,Noida,5G,Macro,260.02,181664,2016,1.11,137.86,38.24,27.94,455.4,98.946,2.5,201.18
2025-08-01,T054,Delhi NCR,North,Noida,5G,Macro,246.75,205513,2122,1.033,125.24,27.71,31.63,468.2,98.916,2.8,174.99
2025-09-01,T054,Delhi NCR,North,Noida,5G,Macro,265.24,191017,1824,0.955,120.62,32.51,20.61,209.0,99.516,5.5,210.59
2025-10-01,T054,Delhi NCR,North,Noida,5G,Macro,252.69,109838,1321,1.203,130.15,26.7,27.68,246.3,99.43,4.1,190.09
2025-11-01,T054,Delhi NCR,North,Noida,5G,Macro,240.7,95530,959,1.005,129.81,24.94,23.73,380.1,99.12,7.8,219.18
2025-12-01,T054,Delhi NCR,North,Noida,5G,Macro,248.19,85537,888,1.039,122.06,31.76,30.04,319.0,99.262,3.5,212.33
2026-01-01,T054,Delhi NCR,North,Noida,5G,Macro,261.05,203942,2846,1.396,128.54,23.19,23.15,414.2,99.041,6.4,178.41
2026-02-01,T054,Delhi NCR,North,Noida,5G,Macro,264.63,215683,2003,0.929,135.54,37.21,32.19,325.6,99.246,2.9,237.02
2026-03-01,T054,Delhi NCR,North,Noida,5G,Macro,276.43,90063,1152,1.28,128.1,27.28,25.77,425.7,99.015,5.7,207.75
2026-04-01,T054,Delhi NCR,North,Noida,5G,Macro,296.21,188654,1746,0.926,146.74,40.74,22.87,421.5,99.024,0.1,212.55
2026-05-01,T054,Delhi NCR,North,Noida,5G,Macro,255.59,109944,1032,0.939,156.48,44.85,30.8,376.6,99.128,8.5,214.67
2026-06-01,T054,Delhi NCR,North,Noida,5G,Macro,269.49,229226,2191,0.956,130.53,34.19,37.38,421.6,99.024,6.5,202.22
2025-01-01,T055,Rajasthan,North,Jaipur,4G,Macro,97.25,121675,1575,1.295,30.36,8.11,41.82,293.2,99.321,4.2,4.03
2025-02-01,T055,Rajasthan,North,Jaipur,4G,Macro,92.6,171817,2679,1.559,27.3,5.78,40.88,333.7,99.228,5.2,3.28
2025-03-01,T055,Rajasthan,North,Jaipur,4G,Macro,98.97,205712,2921,1.42,37.93,10.07,49.81,321.8,99.255,8.3,0.34
2025-04-01,T055,Rajasthan,North,Jaipur,4G,Macro,107.61,104650,1825,1.744,16.83,4.34,52.42,401.3,99.071,5.9,0.19
2025-05-01,T055,Rajasthan,North,Jaipur,4G,Macro,114.48,198434,2245,1.131,50.5,14.12,39.31,680.4,98.425,3.5,3.92
2025-06-01,T055,Rajasthan,North,Jaipur,4G,Macro,116.59,169315,2603,1.538,41.37,9.49,41.45,386.1,99.106,10.0,1.49
2025-07-01,T055,Rajasthan,North,Jaipur,4G,Macro,88.94,210283,2754,1.31,60.66,17.5,36.78,52.4,99.879,7.2,3.0
2025-08-01,T055,Rajasthan,North,Jaipur,4G,Macro,112.12,227201,2403,1.058,55.66,11.69,41.71,473.3,98.904,5.2,0.83
2025-09-01,T055,Rajasthan,North,Jaipur,4G,Macro,119.19,217837,2639,1.212,24.11,6.34,42.67,354.0,99.18,5.8,2.75
2025-10-01,T055,Rajasthan,North,Jaipur,4G,Macro,88.93,210414,2428,1.154,85.88,17.32,42.37,571.0,98.678,3.7,2.12
2025-11-01,T055,Rajasthan,North,Jaipur,4G,Macro,122.01,122632,1613,1.316,36.96,10.68,41.0,234.1,99.458,3.7,3.98
2025-12-01,T055,Rajasthan,North,Jaipur,4G,Macro,88.82,250414,3582,1.431,47.06,10.96,45.52,319.6,99.26,3.5,3.87
2026-01-01,T055,Rajasthan,North,Jaipur,4G,Macro,98.86,208528,2493,1.196,31.29,7.18,37.4,348.2,99.194,3.7,2.69
2026-02-01,T055,Rajasthan,North,Jaipur,4G,Macro,102.82,78857,939,1.191,59.54,16.29,41.21,390.7,99.096,5.0,2.31
2026-03-01,T055,Rajasthan,North,Jaipur,4G,Macro,107.94,252967,2638,1.043,84.06,18.83,37.07,345.8,99.199,6.0,2.09
2026-04-01,T055,Rajasthan,North,Jaipur,4G,Macro,104.66,138499,1867,1.348,39.99,10.79,42.71,300.2,99.305,7.9,3.27
2026-05-01,T055,Rajasthan,North,Jaipur,4G,Macro,82.0,81699,1229,1.504,58.2,15.91,44.57,273.9,99.366,5.5,0.76
2026-06-01,T055,Rajasthan,North,Jaipur,4G,Macro,107.95,259313,3935,1.518,82.0,19.44,37.81,314.2,99.273,4.0,0.73
2025-01-01,T056,Rajasthan,North,Jaipur,5G,Macro,251.84,94424,649,0.688,130.99,35.42,26.27,72.4,99.832,5.2,176.29
2025-02-01,T056,Rajasthan,North,Jaipur,5G,Macro,254.04,109334,1047,0.958,110.41,31.27,26.44,157.7,99.635,5.6,219.64
2025-03-01,T056,Rajasthan,North,Jaipur,5G,Macro,238.38,128933,900,0.699,135.2,29.52,16.19,286.6,99.337,4.0,216.92
2025-04-01,T056,Rajasthan,North,Jaipur,5G,Macro,253.75,251976,2825,1.121,144.85,28.34,20.03,306.6,99.29,3.8,211.69
2025-05-01,T056,Rajasthan,North,Jaipur,5G,Macro,239.59,114887,1070,0.932,134.19,29.1,28.04,264.9,99.387,5.7,165.27
2025-06-01,T056,Rajasthan,North,Jaipur,5G,Macro,350.58,106652,1250,1.173,166.37,41.38,22.27,221.7,99.487,4.6,315.12
2025-07-01,T056,Rajasthan,North,Jaipur,5G,Macro,296.31,132434,1216,0.918,133.01,26.16,25.09,446.9,98.965,5.8,228.02
2025-08-01,T056,Rajasthan,North,Jaipur,5G,Macro,270.55,103193,1021,0.99,166.22,47.28,26.35,318.6,99.263,3.3,242.98
2025-09-01,T056,Rajasthan,North,Jaipur,5G,Macro,316.13,139484,1145,0.821,154.33,41.58,23.62,446.5,98.967,3.6,291.75
2025-10-01,T056,Rajasthan,North,Jaipur,5G,Macro,280.74,94253,985,1.046,131.81,25.85,29.49,287.7,99.334,5.9,249.67
2025-11-01,T056,Rajasthan,North,Jaipur,5G,Macro,208.83,142075,1421,1.0,152.31,41.27,28.83,513.8,98.811,5.0,148.3
2025-12-01,T056,Rajasthan,North,Jaipur,5G,Macro,259.86,142762,1448,1.015,149.66,38.43,26.41,442.9,98.975,3.5,244.29
2026-01-01,T056,Rajasthan,North,Jaipur,5G,Macro,213.43,131711,1447,1.099,128.09,29.08,30.36,548.8,98.73,6.2,191.27
2026-02-01,T056,Rajasthan,North,Jaipur,5G,Macro,237.23,187185,1979,1.058,154.15,40.54,33.13,477.7,98.894,6.2,167.67
2026-03-01,T056,Rajasthan,North,Jaipur,5G,Macro,293.47,165335,1551,0.938,172.37,38.64,25.41,348.5,99.193,4.0,253.82
2026-04-01,T056,Rajasthan,North,Jaipur,5G,Macro,284.49,182841,1768,0.967,143.29,25.8,25.82,455.8,98.945,6.1,263.4
2026-05-01,T056,Rajasthan,North,Jaipur,5G,Macro,252.53,232922,2205,0.947,177.9,44.69,18.58,490.4,98.865,10.2,200.18
2026-06-01,T056,Rajasthan,North,Jaipur,5G,Macro,271.92,171993,1960,1.14,102.31,24.11,34.17,122.4,99.717,7.7,215.73
2025-01-01,T057,Rajasthan,North,Jodhpur,4G,Macro,194.49,158843,1645,1.036,56.52,12.58,33.14,124.0,99.713,0.4,6.88
2025-02-01,T057,Rajasthan,North,Jodhpur,4G,Macro,207.36,167993,2350,1.399,58.68,12.81,45.32,173.3,99.599,3.8,4.02
2025-03-01,T057,Rajasthan,North,Jodhpur,4G,Macro,230.45,101977,919,0.901,57.41,13.03,39.26,176.6,99.591,2.9,10.76
2025-04-01,T057,Rajasthan,North,Jodhpur,4G,Macro,218.35,233178,2861,1.227,50.72,10.87,46.33,93.7,99.783,1.5,8.26
2025-05-01,T057,Rajasthan,North,Jodhpur,4G,Macro,135.4,226597,2833,1.25,53.01,13.95,43.08,442.5,98.976,5.2,3.29
2025-06-01,T057,Rajasthan,North,Jodhpur,4G,Macro,195.73,212409,2475,1.166,38.47,8.48,40.63,252.1,99.417,1.1,9.12
2025-07-01,T057,Rajasthan,North,Jodhpur,4G,Macro,189.19,254896,3392,1.331,45.09,9.05,47.63,271.6,99.371,2.0,8.93
2025-08-01,T057,Rajasthan,North,Jodhpur,4G,Macro,175.68,233201,3516,1.508,56.43,16.26,47.03,328.6,99.239,4.8,0.26
2025-09-01,T057,Rajasthan,North,Jodhpur,4G,Macro,182.91,225777,3547,1.571,26.46,5.38,51.09,425.7,99.015,3.2,5.68
2025-10-01,T057,Rajasthan,North,Jodhpur,4G,Macro,200.98,241898,3594,1.486,58.9,15.45,32.24,205.3,99.525,1.5,3.08
2025-11-01,T057,Rajasthan,North,Jodhpur,4G,Macro,177.16,74422,1202,1.616,28.42,6.91,38.98,381.9,99.116,1.6,2.29
2025-12-01,T057,Rajasthan,North,Jodhpur,4G,Macro,191.77,182718,2649,1.45,37.4,9.72,39.95,353.7,99.181,0.9,5.71
2026-01-01,T057,Rajasthan,North,Jodhpur,4G,Macro,185.97,119463,1727,1.446,33.74,6.77,45.46,359.6,99.167,4.6,3.9
2026-02-01,T057,Rajasthan,North,Jodhpur,4G,Macro,231.46,189869,2734,1.44,65.75,14.54,40.44,344.6,99.202,4.0,9.25
2026-03-01,T057,Rajasthan,North,Jodhpur,4G,Macro,227.9,101851,1480,1.453,32.54,7.31,45.44,365.3,99.154,4.0,6.46
2026-04-01,T057,Rajasthan,North,Jodhpur,4G,Macro,193.0,201674,2365,1.173,30.98,5.68,42.12,244.3,99.434,4.7,8.73
2026-05-01,T057,Rajasthan,North,Jodhpur,4G,Macro,233.26,142759,1734,1.215,62.06,13.28,41.44,490.4,98.865,2.0,6.2
2026-06-01,T057,Rajasthan,North,Jodhpur,4G,Macro,177.9,183884,1744,0.949,87.87,18.82,43.39,254.5,99.411,1.7,0.65
2025-01-01,T058,Rajasthan,North,Jodhpur,4G,Small Cell,117.66,192056,2617,1.363,56.12,14.02,37.49,617.0,98.572,2.7,3.0
2025-02-01,T058,Rajasthan,North,Jodhpur,4G,Small Cell,118.89,133098,1839,1.382,37.22,7.21,36.01,215.9,99.5,0.7,0.27
2025-03-01,T058,Rajasthan,North,Jodhpur,4G,Small Cell,142.42,83686,1031,1.232,59.22,15.8,37.68,389.3,99.099,2.5,2.39
2025-04-01,T058,Rajasthan,North,Jodhpur,4G,Small Cell,152.6,126578,1755,1.387,37.61,7.44,46.3,255.1,99.409,7.0,0.0
2025-05-01,T058,Rajasthan,North,Jodhpur,4G,Small Cell,129.24,179563,2175,1.212,8,3,41.51,296.9,99.313,2.2,2.92
2025-06-01,T058,Rajasthan,North,Jodhpur,4G,Small Cell,159.21,204282,2827,1.384,45.85,8.75,37.79,464.4,98.925,4.0,0.62
2025-07-01,T058,Rajasthan,North,Jodhpur,4G,Small Cell,126.34,178998,1782,0.996,66.87,13.86,45.08,331.9,99.232,6.8,0.97
2025-08-01,T058,Rajasthan,North,Jodhpur,4G,Small Cell,134.31,151974,1495,0.984,66.74,18.76,44.37,309.8,99.283,5.1,3.78
2025-09-01,T058,Rajasthan,North,Jodhpur,4G,Small Cell,180.34,111053,1244,1.121,72.44,14.47,42.41,232.4,99.462,3.0,8.5
2025-10-01,T058,Rajasthan,North,Jodhpur,4G,Small Cell,122.75,125245,1800,1.438,56.23,15.57,42.6,245.1,99.433,1.8,3.28
2025-11-01,T058,Rajasthan,North,Jodhpur,4G,Small Cell,113.61,114798,1541,1.343,42.25,9.72,41.01,252.7,99.415,1.0,5.63
2025-12-01,T058,Rajasthan,North,Jodhpur,4G,Small Cell,108.67,108654,1217,1.121,11.56,3,36.83,391.2,99.094,2.3,2.55
2026-01-01,T058,Rajasthan,North,Jodhpur,4G,Small Cell,133.82,228563,2898,1.268,56.78,15.48,35.62,312.5,99.277,0.6,3.31
2026-02-01,T058,Rajasthan,North,Jodhpur,4G,Small Cell,118.94,151474,2001,1.321,43.34,10.75,37.7,296.9,99.313,3.8,0.62
2026-03-01,T058,Rajasthan,North,Jodhpur,4G,Small Cell,125.07,147253,2197,1.492,60.69,16.77,39.92,97.8,99.774,3.3,2.51
2026-04-01,T058,Rajasthan,North,Jodhpur,4G,Small Cell,144.57,85580,929,1.086,76.86,21.42,35.09,62.0,99.856,0.5,3.33
2026-05-01,T058,Rajasthan,North,Jodhpur,4G,Small Cell,122.1,159832,1768,1.106,33.48,7.62,41.47,367.1,99.15,1.3,1.61
2026-06-01,T058,Rajasthan,North,Jodhpur,4G,Small Cell,147.88,194348,3036,1.562,35.23,7.49,30.0,225.9,99.477,1.2,1.08
2025-01-01,T059,Rajasthan,North,Udaipur,5G,Small Cell,224.76,258518,2212,0.856,149.25,35.02,23.51,369.2,99.145,1.7,172.2
2025-02-01,T059,Rajasthan,North,Udaipur,5G,Small Cell,227.32,76667,763,0.995,158.74,43.08,26.48,421.0,99.026,1.8,210.66
2025-03-01,T059,Rajasthan,North,Udaipur,5G,Small Cell,282.35,101995,864,0.848,148.29,27.61,19.96,543.9,98.741,3.5,263.34
2025-04-01,T059,Rajasthan,North,Udaipur,5G,Small Cell,228.49,217023,2330,1.074,115.23,32.43,21.97,487.7,98.871,1.7,216.2
2025-05-01,T059,Rajasthan,North,Udaipur,5G,Small Cell,229.25,166883,1478,0.886,163.2,45.7,21.1,154.6,99.642,1.6,189.3
2025-06-01,T059,Rajasthan,North,Udaipur,5G,Small Cell,242.85,255724,2545,0.995,141.94,34.69,26.0,464.0,98.926,5.0,201.81
2025-07-01,T059,Rajasthan,North,Udaipur,5G,Small Cell,264.53,89130,890,0.999,145.6,27.73,18.12,143.8,99.667,0.9,194.15
2025-08-01,T059,Rajasthan,North,Udaipur,5G,Small Cell,292.36,251573,2261,0.899,133.12,36.85,21.22,171.4,99.603,1.2,200.72
2025-09-01,T059,Rajasthan,North,Udaipur,5G,Small Cell,176.86,204869,1020,0.498,148.94,39.87,23.42,261.2,99.395,2.5,153.65
2025-10-01,T059,Rajasthan,North,Udaipur,5G,Small Cell,244.36,221490,2110,0.953,160.27,41.32,22.21,393.5,99.089,4.6,188.87
2025-11-01,T059,Rajasthan,North,Udaipur,5G,Small Cell,224.76,101289,923,0.912,144.69,41.63,21.88,294.3,99.319,2.7,196.47
2025-12-01,T059,Rajasthan,North,Udaipur,5G,Small Cell,211.39,177224,1793,1.012,131.79,31.91,33.02,580.6,98.656,8.1,153.84
2026-01-01,T059,Rajasthan,North,Udaipur,5G,Small Cell,230.9,218462,1702,0.779,133.42,27.07,27.23,353.6,99.182,2.0,215.68
2026-02-01,T059,Rajasthan,North,Udaipur,5G,Small Cell,256.55,138387,1608,1.162,154.42,32.01,16.61,96.7,99.776,2.6,243.25
2026-03-01,T059,Rajasthan,North,Udaipur,5G,Small Cell,267.97,150878,1843,1.222,178.18,42.37,25.13,300.2,99.305,2.5,238.56
2026-04-01,T059,Rajasthan,North,Udaipur,5G,Small Cell,258.07,148625,1551,1.044,166.56,40.49,31.39,329.3,99.238,1.7,242.81
2026-05-01,T059,Rajasthan,North,Udaipur,5G,Small Cell,291.85,125236,1158,0.925,152.33,43.37,29.36,304.3,99.296,1.8,262.28
2026-06-01,T059,Rajasthan,North,Udaipur,5G,Small Cell,301.69,180873,1511,0.835,166.62,31.17,17.57,238.3,99.448,1.0,236.55
2025-01-01,T060,Rajasthan,North,Udaipur,5G,Small Cell,269.32,92533,1036,1.12,153.76,32.07,25.68,422.4,99.022,2.2,214.23
2025-02-01,T060,Rajasthan,North,Udaipur,5G,Small Cell,244.97,114466,882,0.771,159.28,42.51,21.58,234.8,99.457,0.7,203.73
2025-03-01,T060,Rajasthan,North,Udaipur,5G,Small Cell,245.12,116608,1022,0.876,122.74,27.45,22.06,402.4,99.069,1.7,183.88
2025-04-01,T060,Rajasthan,North,Udaipur,5G,Small Cell,290.44,134857,1197,0.888,149.21,31.67,25.48,336.5,99.221,1.4,234.79
2025-05-01,T060,Rajasthan,North,Udaipur,5G,Small Cell,276.25,115005,981,0.853,145.69,27.54,21.41,220.6,99.489,2.6,230.49
2025-06-01,T060,Rajasthan,North,Udaipur,5G,Small Cell,231.55,122680,1093,0.891,141.65,29.25,30.04,314.2,99.273,1.8,176.31
2025-07-01,T060,Rajasthan,North,Udaipur,5G,Small Cell,260.75,222010,2879,1.297,126.51,24.52,23.88,388.5,99.101,1.8,187.41
2025-08-01,T060,Rajasthan,North,Udaipur,5G,Small Cell,296.78,190447,1854,0.974,167.94,41.2,24.54,253.2,99.414,1.3,256.86
2025-09-01,T060,Rajasthan,North,Udaipur,5G,Small Cell,227.61,229584,2524,1.1,146.0,40.18,20.09,251.7,99.417,7.1,185.6
2025-10-01,T060,Rajasthan,North,Udaipur,5G,Small Cell,263.92,211596,2059,0.973,136.46,30.53,23.25,200.4,99.536,0.5,212.19
2025-11-01,T060,Rajasthan,North,Udaipur,5G,Small Cell,253.38,113122,972,0.86,137.5,30.5,20.29,296.6,99.313,5.8,226.9
2025-12-01,T060,Rajasthan,North,Udaipur,5G,Small Cell,242.12,81316,612,0.753,122.75,35.06,33.04,550.5,98.726,2.9,218.42
2026-01-01,T060,Rajasthan,North,Udaipur,5G,Small Cell,181.26,245210,2129,0.868,142.4,34.29,19.67,225.5,99.478,0.9,132.89
2026-02-01,T060,Rajasthan,North,Udaipur,5G,Small Cell,274.47,171521,1685,0.983,163.18,37.78,26.9,305.3,99.293,3.0,233.29
2026-03-01,T060,Rajasthan,North,Udaipur,5G,Small Cell,230.5,104103,913,0.878,123.72,23.43,27.42,548.3,98.731,1.2,178.11
2026-04-01,T060,Rajasthan,North,Udaipur,5G,Small Cell,234.01,144668,1325,0.916,137.08,30.83,33.23,140.0,99.676,3.1,160.31
2026-05-01,T060,Rajasthan,North,Udaipur,5G,Small Cell,264.89,198374,2288,1.153,127.3,28.72,25.05,612.3,98.583,1.2,229.25
2026-06-01,T060,Rajasthan,North,Udaipur,5G,Small Cell,181.89,207561,1958,0.944,133.24,32.91,22.92,257.7,99.403,1.0,141.45
2025-01-01,T061,Uttar Pradesh East,North,Lucknow,4G,Macro,222.35,253478,3094,1.221,52.79,15.27,41.25,388.9,99.1,3.4,5.8
2025-02-01,T061,Uttar Pradesh East,North,Lucknow,4G,Macro,188.46,132859,1687,1.27,70.29,13.29,35.65,428.1,99.009,2.7,9.32
2025-03-01,T061,Uttar Pradesh East,North,Lucknow,4G,Macro,151.73,65488,845,1.291,59.14,14.08,41.16,292.1,99.324,4.6,6.24
2025-04-01,T061,Uttar Pradesh East,North,Lucknow,4G,Macro,201.71,240176,3293,1.371,64.06,16.08,39.61,437.9,98.986,4.6,0.69
2025-05-01,T061,Uttar Pradesh East,North,Lucknow,4G,Macro,199.26,251091,3260,1.299,66.71,13.54,47.7,297.8,99.311,4.8,0.73
2025-06-01,T061,Uttar Pradesh East,North,Lucknow,4G,Macro,184.19,124573,1138,0.914,61.6,14.95,37.06,418.3,99.032,4.5,7.66
2025-07-01,T061,Uttar Pradesh East,North,Lucknow,4G,Macro,188.09,110659,1661,1.502,51.55,11.54,45.9,183.8,99.575,5.1,9.25
2025-08-01,T061,Uttar Pradesh East,North,Lucknow,4G,Macro,213.93,188333,2946,1.564,56.78,13.96,51.72,469.7,98.913,10.2,6.31
2025-09-01,T061,Uttar Pradesh East,North,Lucknow,4G,Macro,181.22,152696,2329,1.526,52.38,14.82,36.01,205.3,99.525,5.6,7.26
2025-10-01,T061,Uttar Pradesh East,North,Lucknow,4G,Macro,222.37,110453,1776,1.609,54.99,15.65,43.77,318.4,99.263,4.3,9.83
2025-11-01,T061,Uttar Pradesh East,North,Lucknow,4G,Macro,213.16,151090,1493,0.989,28.93,5.73,47.16,326.0,99.245,4.8,3.66
2025-12-01,T061,Uttar Pradesh East,North,Lucknow,4G,Macro,213.55,96080,1370,1.426,69.79,14.48,44.3,328.5,99.24,4.1,6.86
2026-01-01,T061,Uttar Pradesh East,North,Lucknow,4G,Macro,178.88,107741,1308,1.214,84.56,16.53,36.73,317.9,99.264,4.9,5.04
2026-02-01,T061,Uttar Pradesh East,North,Lucknow,4G,Macro,219.85,78709,1085,1.379,52.3,9.44,44.0,121.2,99.719,4.5,3.79
2026-03-01,T061,Uttar Pradesh East,North,Lucknow,4G,Macro,221.04,107738,1399,1.299,46.78,11.58,39.69,200.7,99.535,4.1,5.14
2026-04-01,T061,Uttar Pradesh East,North,Lucknow,4G,Macro,187.78,186738,2755,1.476,54.65,14.95,37.92,452.4,98.953,3.4,4.67
2026-05-01,T061,Uttar Pradesh East,North,Lucknow,4G,Macro,226.63,223362,3368,1.508,45.85,11.44,48.48,226.1,99.477,4.8,8.29
2026-06-01,T061,Uttar Pradesh East,North,Lucknow,4G,Macro,234.15,173687,2587,1.49,40.09,7.66,45.49,211.5,99.51,3.5,10.1
2025-01-01,T062,Uttar Pradesh East,North,Lucknow,5G,Macro,241.9,186260,1552,0.833,167.77,46.13,22.14,396.2,99.083,2.2,211.34
2025-02-01,T062,Uttar Pradesh East,North,Lucknow,5G,Macro,270.0,256071,2174,0.849,171.91,45.4,31.88,186.6,99.568,2.4,220.06
2025-03-01,T062,Uttar Pradesh East,North,Lucknow,5G,Macro,230.04,151812,1256,0.828,142.16,31.1,29.48,303.9,99.296,1.7,190.07
2025-04-01,T062,Uttar Pradesh East,North,Lucknow,5G,Macro,266.33,87410,588,0.674,114.82,23.16,29.44,302.1,99.301,0.9,228.11
2025-05-01,T062,Uttar Pradesh East,North,Lucknow,5G,Macro,299.43,88610,696,0.786,138.63,28.66,28.87,309.2,99.284,2.3,229.96
2025-06-01,T062,Uttar Pradesh East,North,Lucknow,5G,Macro,273.54,99483,815,0.82,158.86,38.7,27.3,309.2,99.284,3.3,223.43
2025-07-01,T062,Uttar Pradesh East,North,Lucknow,5G,Macro,306.03,148599,1384,0.932,147.14,26.81,22.41,200.0,99.537,1.8,233.25
2025-08-01,T062,Uttar Pradesh East,North,Lucknow,5G,Macro,327.22,131216,1391,1.06,166.04,38.43,29.69,564.2,98.694,1.9,310.27
2025-09-01,T062,Uttar Pradesh East,North,Lucknow,5G,Macro,256.48,121977,1117,0.916,134.46,31.29,29.2,454.4,98.948,2.8,234.78
2025-10-01,T062,Uttar Pradesh East,North,Lucknow,5G,Macro,257.4,204017,1497,0.734,124.45,35.97,27.71,365.9,99.153,1.2,214.07
2025-11-01,T062,Uttar Pradesh East,North,Lucknow,5G,Macro,261.77,163816,1253,0.765,152.79,28.24,13.48,328.2,99.24,1.7,236.16
2025-12-01,T062,Uttar Pradesh East,North,Lucknow,5G,Macro,327.08,231259,1786,0.772,136.71,35.32,16.78,150.8,99.651,1.0,282.62
2026-01-01,T062,Uttar Pradesh East,North,Lucknow,5G,Macro,304.93,205479,1456,0.709,159.36,32.38,18.59,344.3,99.203,0.8,240.32
2026-02-01,T062,Uttar Pradesh East,North,Lucknow,5G,Macro,290.08,200801,1393,0.694,135.34,27.68,25.4,226.2,99.476,1.7,232.38
2026-03-01,T062,Uttar Pradesh East,North,Lucknow,5G,Macro,269.88,112501,884,0.787,136.53,38.99,22.72,302.3,99.3,3.6,241.24
2026-04-01,T062,Uttar Pradesh East,North,Lucknow,5G,Macro,311.7,220650,2206,1.0,158.77,40.8,26.6,128.0,99.704,2.7,236.86
2026-05-01,T062,Uttar Pradesh East,North,Lucknow,5G,Macro,271.96,235874,2201,0.933,168.83,38.37,19.47,121.3,99.719,0.6,242.22
2026-06-01,T062,Uttar Pradesh East,North,Lucknow,5G,Macro,245.91,236797,2167,0.915,144.42,27.01,24.59,281.6,99.348,2.6,179.82
2025-01-01,T063,Uttar Pradesh East,North,Varanasi,4G,Macro,176.76,105797,1300,1.23,63.6,13.23,41.52,359.7,99.167,3.0,0.75
2025-02-01,T063,Uttar Pradesh East,North,Varanasi,4G,Macro,153.36,188251,2446,1.3,69.29,19.23,41.13,242.6,99.438,4.2,3.47
2025-03-01,T063,Uttar Pradesh East,North,Varanasi,4G,Macro,135.83,124458,1380,1.109,52.54,15.01,41.67,170.1,99.606,3.1,1.76
2025-04-01,T063,Uttar Pradesh East,North,Varanasi,4G,Macro,152.25,185263,2521,1.361,26.82,7.77,39.69,59.6,99.862,1.2,3.4
2025-05-01,T063,Uttar Pradesh East,North,Varanasi,4G,Macro,153.86,121680,1780,1.464,36.4,8.6,43.94,444.4,98.971,1.5,1.83
2025-06-01,T063,Uttar Pradesh East,North,Varanasi,4G,Macro,131.95,248941,4329,1.739,41.3,10.58,44.02,619.9,98.565,4.4,2.0
2025-07-01,T063,Uttar Pradesh East,North,Varanasi,4G,Macro,146.76,227884,2362,1.037,55.99,10.78,40.71,454.4,98.948,1.1,0.9
2025-08-01,T063,Uttar Pradesh East,North,Varanasi,4G,Macro,105.13,251875,3319,1.318,70.63,15.96,49.34,302.7,99.299,5.6,1.45
2025-09-01,T063,Uttar Pradesh East,North,Varanasi,4G,Macro,159.1,121533,1528,1.257,42.24,8.91,37.96,275.1,99.363,1.5,3.71
2025-10-01,T063,Uttar Pradesh East,North,Varanasi,4G,Macro,137.39,115623,1612,1.394,50.39,10.7,47.48,262.4,99.393,1.1,1.03
2025-11-01,T063,Uttar Pradesh East,North,Varanasi,4G,Macro,155.64,142193,1736,1.221,68.39,16.47,42.18,92.0,99.787,5.0,5.83
2025-12-01,T063,Uttar Pradesh East,North,Varanasi,4G,Macro,153.35,224764,3030,1.348,60.87,11.11,40.82,457.3,98.941,5.3,7.06
2026-01-01,T063,Uttar Pradesh East,North,Varanasi,4G,Macro,140.91,110726,1699,1.534,65.38,16.89,38.99,205.9,99.523,2.5,2.27
2026-02-01,T063,Uttar Pradesh East,North,Varanasi,4G,Macro,154.82,98397,1424,1.448,33.38,9.07,39.1,410.0,99.051,2.4,6.85
2026-03-01,T063,Uttar Pradesh East,North,Varanasi,4G,Macro,122.97,232067,2793,1.204,53.0,10.07,45.8,303.3,99.298,2.6,2.42
2026-04-01,T063,Uttar Pradesh East,North,Varanasi,4G,Macro,195.83,97070,1254,1.293,80.78,20.0,37.72,217.1,99.498,2.4,0.78
2026-05-01,T063,Uttar Pradesh East,North,Varanasi,4G,Macro,180.91,119864,1569,1.309,81.61,17.89,42.37,8.6,99.98,3.3,4.29
2026-06-01,T063,Uttar Pradesh East,North,Varanasi,4G,Macro,153.56,238506,3402,1.426,51.12,13.74,39.92,257.0,99.405,4.2,2.01
2025-01-01,T064,Uttar Pradesh East,North,Varanasi,4G,Rooftop,197.43,185896,1921,1.034,79.02,22.23,34.82,116.4,99.731,1.0,2.9
2025-02-01,T064,Uttar Pradesh East,North,Varanasi,4G,Rooftop,205.36,80509,1024,1.272,94.79,27.05,43.1,365.3,99.154,4.1,9.15
2025-03-01,T064,Uttar Pradesh East,North,Varanasi,4G,Rooftop,224.69,187389,2713,1.448,30.53,6.03,40.8,192.5,99.554,4.2,5.33
2025-04-01,T064,Uttar Pradesh East,North,Varanasi,4G,Rooftop,194.76,171590,2379,1.387,58.13,15.63,41.7,218.3,99.495,0.7,1.73
2025-05-01,T064,Uttar Pradesh East,North,Varanasi,4G,Rooftop,175.88,252867,3445,1.363,28.01,6.59,35.78,324.3,99.249,2.7,2.39
2025-06-01,T064,Uttar Pradesh East,North,Varanasi,4G,Rooftop,193.81,98184,1301,1.326,81.62,19.11,45.93,237.4,99.451,3.3,5.77
2025-07-01,T064,Uttar Pradesh East,North,Varanasi,4G,Rooftop,192.94,137364,2004,1.46,37.78,7.28,38.62,186.7,99.568,0.5,0.95
2025-08-01,T064,Uttar Pradesh East,North,Varanasi,4G,Rooftop,178.7,141840,2131,1.503,61.23,12.19,33.41,322.1,99.254,0.3,7.46
2025-09-01,T064,Uttar Pradesh East,North,Varanasi,4G,Rooftop,206.96,87977,1502,1.708,61.16,13.95,40.49,350.3,99.189,3.2,0.35
2025-10-01,T064,Uttar Pradesh East,North,Varanasi,4G,Rooftop,202.83,117117,1700,1.452,67.03,18.68,41.41,234.5,99.457,2.1,9.72
2025-11-01,T064,Uttar Pradesh East,North,Varanasi,4G,Rooftop,167.18,174869,2784,1.593,74.46,13.75,44.82,346.5,99.198,3.9,4.19
2025-12-01,T064,Uttar Pradesh East,North,Varanasi,4G,Rooftop,139.47,71695,979,1.366,56.48,12.11,39.79,238.4,99.448,1.4,3.54
2026-01-01,T064,Uttar Pradesh East,North,Varanasi,4G,Rooftop,165.6,165312,2024,1.225,41.54,8.18,51.66,337.2,99.219,2.6,6.16
2026-02-01,T064,Uttar Pradesh East,North,Varanasi,4G,Rooftop,233.32,189080,2853,1.509,61.67,12.5,44.0,260.8,99.396,3.5,1.7
2026-03-01,T064,Uttar Pradesh East,North,Varanasi,4G,Rooftop,203.21,110999,1687,1.52,14.44,3,47.23,198.5,99.541,9.1,0.44
2026-04-01,T064,Uttar Pradesh East,North,Varanasi,4G,Rooftop,171.07,244524,4015,1.642,43.15,9.82,49.83,241.8,99.44,0.6,1.84
2026-05-01,T064,Uttar Pradesh East,North,Varanasi,4G,Rooftop,197.83,181645,2249,1.238,38.45,7.18,48.81,247.5,99.427,2.3,2.53
2026-06-01,T064,Uttar Pradesh East,North,Varanasi,4G,Rooftop,186.86,171616,2165,1.262,35.34,10.08,34.36,309.0,99.285,3.1,5.52
2025-01-01,T065,Uttar Pradesh East,North,Prayagraj,4G,Small Cell,135.62,98643,1285,1.303,39.88,10.52,44.52,391.9,99.093,6.6,4.69
2025-02-01,T065,Uttar Pradesh East,North,Prayagraj,4G,Small Cell,97.5,186338,2423,1.301,86.86,17.14,39.55,360.7,99.165,5.9,3.96
2025-03-01,T065,Uttar Pradesh East,North,Prayagraj,4G,Small Cell,119.84,121960,1457,1.195,21.44,4.13,44.07,457.8,98.94,8.1,1.98
2025-04-01,T065,Uttar Pradesh East,North,Prayagraj,4G,Small Cell,122.81,249386,3560,1.428,34.32,7.38,45.32,434.6,98.994,6.0,4.42
2025-05-01,T065,Uttar Pradesh East,North,Prayagraj,4G,Small Cell,100.53,130284,1620,1.243,40.46,8.67,29.18,79.3,99.816,4.0,0.03
2025-06-01,T065,Uttar Pradesh East,North,Prayagraj,4G,Small Cell,110.99,175492,2615,1.49,30.28,7.21,51.72,574.4,98.67,7.8,4.14
2025-07-01,T065,Uttar Pradesh East,North,Prayagraj,4G,Small Cell,107.18,177090,3147,1.777,46.94,9.31,42.54,327.2,99.243,4.2,2.31
2025-08-01,T065,Uttar Pradesh East,North,Prayagraj,4G,Small Cell,116.47,102590,1344,1.311,62.39,13.87,39.03,571.7,98.677,4.6,5.81
2025-09-01,T065,Uttar Pradesh East,North,Prayagraj,4G,Small Cell,114.92,213546,2993,1.402,63.82,17.93,40.17,239.6,99.445,4.2,3.07
2025-10-01,T065,Uttar Pradesh East,North,Prayagraj,4G,Small Cell,97.65,145591,2093,1.438,68.23,16.85,47.82,327.8,99.241,6.9,3.99
2025-11-01,T065,Uttar Pradesh East,North,Prayagraj,4G,Small Cell,110.62,165265,2587,1.566,53.97,12.19,44.37,454.2,98.949,5.8,1.49
2025-12-01,T065,Uttar Pradesh East,North,Prayagraj,4G,Small Cell,103.11,163626,2787,1.704,24.13,4.35,43.83,321.5,99.256,5.8,0.19
2026-01-01,T065,Uttar Pradesh East,North,Prayagraj,4G,Small Cell,123.53,204291,2718,1.331,46.8,10.35,43.84,157.9,99.634,4.2,0.78
2026-02-01,T065,Uttar Pradesh East,North,Prayagraj,4G,Small Cell,120.15,96712,1284,1.328,74.47,17.91,53.68,455.0,98.947,9.7,4.16
2026-03-01,T065,Uttar Pradesh East,North,Prayagraj,4G,Small Cell,115.52,138241,2010,1.454,69.75,18.69,38.24,380.9,99.118,4.9,1.04
2026-04-01,T065,Uttar Pradesh East,North,Prayagraj,4G,Small Cell,133.65,97507,1079,1.108,68.33,17.14,42.73,469.6,98.913,5.6,1.04
2026-05-01,T065,Uttar Pradesh East,North,Prayagraj,4G,Small Cell,104.85,192060,2251,1.172,63.61,17.6,46.15,282.9,99.345,4.8,1.38
2026-06-01,T065,Uttar Pradesh East,North,Prayagraj,4G,Small Cell,124.16,230385,3582,1.555,66.28,13.26,42.27,482.1,98.884,4.8,4.53
2025-01-01,T066,Uttar Pradesh East,North,Prayagraj,5G,Rooftop,167.88,195863,1222,0.624,138.5,34.8,31.75,204.8,99.526,0.3,123.81
2025-02-01,T066,Uttar Pradesh East,North,Prayagraj,5G,Rooftop,186.98,134618,1139,0.847,151.15,31.17,26.59,354.6,99.179,5.8,168.86
2025-03-01,T066,Uttar Pradesh East,North,Prayagraj,5G,Rooftop,228.98,202156,2159,1.068,144.36,27.04,28.45,589.6,98.635,9.0,211.24
2025-04-01,T066,Uttar Pradesh East,North,Prayagraj,5G,Rooftop,228.94,258223,2092,0.81,155.26,41.52,26.76,437.2,98.988,5.2,200.42
2025-05-01,T066,Uttar Pradesh East,North,Prayagraj,5G,Rooftop,195.6,85704,668,0.78,134.4,27.45,22.22,535.4,98.761,2.2,179.81
2025-06-01,T066,Uttar Pradesh East,North,Prayagraj,5G,Rooftop,234.64,66170,614,0.929,128.92,33.29,24.25,313.9,99.273,4.1,194.8
2025-07-01,T066,Uttar Pradesh East,North,Prayagraj,5G,Rooftop,223.52,205389,1744,0.849,148.59,37.46,28.35,234.0,99.458,1.5,159.05
2025-08-01,T066,Uttar Pradesh East,North,Prayagraj,5G,Rooftop,212.17,111483,1187,1.065,155.77,43.97,27.94,72.1,99.833,3.6,187.47
2025-09-01,T066,Uttar Pradesh East,North,Prayagraj,5G,Rooftop,234.25,177526,1888,1.064,131.96,34.46,21.93,277.5,99.358,3.5,213.29
2025-10-01,T066,Uttar Pradesh East,North,Prayagraj,5G,Rooftop,204.14,132435,1003,0.758,149.38,36.51,24.15,133.4,99.691,4.0,176.29
2025-11-01,T066,Uttar Pradesh East,North,Prayagraj,5G,Rooftop,198.06,168042,1591,0.947,177.07,32.44,28.35,436.1,98.99,1.4,152.08
2025-12-01,T066,Uttar Pradesh East,North,Prayagraj,5G,Rooftop,155.54,218694,2368,1.083,151.86,38.52,21.86,416.4,99.036,0.9,116.79
2026-01-01,T066,Uttar Pradesh East,North,Prayagraj,5G,Rooftop,178.64,113330,1260,1.113,144.72,35.14,25.08,458.8,98.938,3.8,140.94
2026-02-01,T066,Uttar Pradesh East,North,Prayagraj,5G,Rooftop,185.53,174474,1783,1.022,141.29,36.03,29.55,176.3,99.592,1.2,175.56
2026-03-01,T066,Uttar Pradesh East,North,Prayagraj,5G,Rooftop,194.73,199072,1832,0.92,188.86,46.9,26.28,218.4,99.494,1.6,158.04
2026-04-01,T066,Uttar Pradesh East,North,Prayagraj,5G,Rooftop,182.25,234750,2741,1.168,162.13,44.64,20.99,414.2,99.041,0.3,144.99
2026-05-01,T066,Uttar Pradesh East,North,Prayagraj,5G,Rooftop,193.54,169156,1492,0.882,138.49,38.78,31.34,356.2,99.175,1.8,142.43
2026-06-01,T066,Uttar Pradesh East,North,Prayagraj,5G,Rooftop,212.09,97612,808,0.829,147.43,29.55,31.71,175.3,99.594,3.4,177.87
2025-01-01,T067,West Bengal,East,Kolkata,4G,Macro,176.14,142871,1667,1.167,21.8,4.92,46.24,455.1,98.946,11.0,2.45
2025-02-01,T067,West Bengal,East,Kolkata,4G,Macro,122.5,110165,1762,1.6,26.75,7.36,49.58,498.8,98.845,10.2,4.7
2025-03-01,T067,West Bengal,East,Kolkata,4G,Macro,95.19,130177,1921,1.476,44.55,9.89,47.95,475.6,98.899,5.8,4.74
2025-04-01,T067,West Bengal,East,Kolkata,4G,Macro,129.0,238034,2721,1.143,30.69,5.95,41.79,453.3,98.951,2.7,3.85
2025-05-01,T067,West Bengal,East,Kolkata,4G,Macro,120.75,245638,3275,1.333,54.96,14.72,45.94,405.9,99.06,4.0,5.39
2025-06-01,T067,West Bengal,East,Kolkata,4G,Macro,140.26,254386,3425,1.347,32.63,7.75,38.27,125.5,99.709,3.5,1.19
2025-07-01,T067,West Bengal,East,Kolkata,4G,Macro,131.32,83458,1164,1.395,25.9,6.53,47.73,322.1,99.254,6.3,4.35
2025-08-01,T067,West Bengal,East,Kolkata,4G,Macro,146.1,147373,1748,1.186,50.6,11.04,44.86,379.1,99.122,5.6,5.84
2025-09-01,T067,West Bengal,East,Kolkata,4G,Macro,172.75,118940,1529,1.286,74.15,21.49,36.72,622.0,98.56,3.2,2.84
2025-10-01,T067,West Bengal,East,Kolkata,4G,Macro,143.83,88610,1350,1.524,61.7,14.28,51.52,371.9,99.139,8.9,3.54
2025-11-01,T067,West Bengal,East,Kolkata,4G,Macro,125.7,249001,3095,1.243,63.33,15.2,49.07,400.5,99.073,7.2,1.82
2025-12-01,T067,West Bengal,East,Kolkata,4G,Macro,147.84,161280,2229,1.382,48.3,11.24,37.29,417.9,99.033,3.5,6.22
2026-01-01,T067,West Bengal,East,Kolkata,4G,Macro,158.22,228034,2435,1.068,50.57,10.89,36.76,396.7,99.082,6.1,1.41
2026-02-01,T067,West Bengal,East,Kolkata,4G,Macro,151.44,133577,2237,1.675,62.03,12.31,39.31,295.7,99.316,5.9,5.05
2026-03-01,T067,West Bengal,East,Kolkata,4G,Macro,148.92,124061,1928,1.554,44.31,8.25,35.23,88.7,99.795,3.5,4.61
2026-04-01,T067,West Bengal,East,Kolkata,4G,Macro,165.83,125454,1663,1.326,57.84,13.45,50.26,296.9,99.313,4.3,6.87
2026-05-01,T067,West Bengal,East,Kolkata,4G,Macro,149.87,134895,1722,1.277,74.6,15.27,41.24,477.1,98.896,6.1,6.24
2026-06-01,T067,West Bengal,East,Kolkata,4G,Macro,142.76,110306,1738,1.576,74.43,20.86,46.14,365.5,99.154,7.2,7.11
2025-01-01,T068,West Bengal,East,Kolkata,5G,Rooftop,140.29,219662,2057,0.937,155.71,30.35,25.0,8.6,99.98,1.6,113.04
2025-02-01,T068,West Bengal,East,Kolkata,5G,Rooftop,173.08,207025,1253,0.605,109.85,23.8,30.83,247.0,99.428,1.6,150.72
2025-03-01,T068,West Bengal,East,Kolkata,5G,Rooftop,159.41,112541,960,0.854,140.64,34.58,20.97,175.8,99.593,0.7,123.29
2025-04-01,T068,West Bengal,East,Kolkata,5G,Rooftop,140.44,227620,2285,1.004,171.06,41.1,26.77,388.0,99.102,2.5,114.51
2025-05-01,T068,West Bengal,East,Kolkata,5G,Rooftop,134.09,201408,1736,0.862,157.19,36.0,23.82,419.8,99.028,2.3,92.73
2025-06-01,T068,West Bengal,East,Kolkata,5G,Rooftop,206.5,229600,2173,0.947,133.74,32.61,19.45,297.7,99.311,1.7,143.3
2025-07-01,T068,West Bengal,East,Kolkata,5G,Rooftop,196.37,141471,1407,0.995,143.06,31.64,23.53,490.3,98.865,6.7,138.04
2025-08-01,T068,West Bengal,East,Kolkata,5G,Rooftop,186.29,109357,962,0.88,129.77,27.2,31.11,417.9,99.033,1.6,143.31
2025-09-01,T068,West Bengal,East,Kolkata,5G,Rooftop,183.28,253182,1915,0.757,134.09,34.68,24.28,409.2,99.053,3.3,141.12
2025-10-01,T068,West Bengal,East,Kolkata,5G,Rooftop,197.41,166951,1302,0.78,160.35,41.46,22.94,303.2,99.298,1.5,166.94
2025-11-01,T068,West Bengal,East,Kolkata,5G,Rooftop,157.32,137780,1386,1.006,176.33,46.04,16.51,325.7,99.246,1.6,121.2
2025-12-01,T068,West Bengal,East,Kolkata,5G,Rooftop,162.84,132363,1068,0.807,116.22,28.92,30.11,416.0,99.037,5.6,141.33
2026-01-01,T068,West Bengal,East,Kolkata,5G,Rooftop,169.52,73579,710,0.966,130.93,25.91,20.46,115.6,99.732,3.9,128.76
2026-02-01,T068,West Bengal,East,Kolkata,5G,Rooftop,138.31,152990,1511,0.988,151.99,34.49,25.28,258.7,99.401,3.7,115.16
2026-03-01,T068,West Bengal,East,Kolkata,5G,Rooftop,215.76,255060,1927,0.756,147.67,42.03,14.16,536.2,98.759,3.0,157.77
2026-04-01,T068,West Bengal,East,Kolkata,5G,Rooftop,164.02,247299,2695,1.09,128.46,24.68,20.93,173.3,99.599,2.7,123.31
2026-05-01,T068,West Bengal,East,Kolkata,5G,Rooftop,176.41,151770,1437,0.947,99.42,26.22,36.29,613.8,98.579,6.2,161.47
2026-06-01,T068,West Bengal,East,Kolkata,5G,Rooftop,197.59,120025,739,0.616,145.35,40.59,23.17,370.2,99.143,2.9,140.25
2025-01-01,T069,West Bengal,East,Kolkata,5G,Rooftop,210.52,118522,973,0.821,141.25,29.93,17.88,209.6,99.515,1.8,169.09
2025-02-01,T069,West Bengal,East,Kolkata,5G,Rooftop,199.81,85088,733,0.862,163.7,38.8,28.54,206.7,99.521,2.2,162.26
2025-03-01,T069,West Bengal,East,Kolkata,5G,Rooftop,241.35,155143,1620,1.044,150.74,28.32,24.95,554.5,98.716,9.1,186.07
2025-04-01,T069,West Bengal,East,Kolkata,5G,Rooftop,254.66,140116,1768,1.263,151.88,30.47,27.69,340.4,99.212,5.1,227.56
2025-05-01,T069,West Bengal,East,Kolkata,5G,Rooftop,225.99,92723,666,0.719,132.97,31.1,29.58,420.7,99.026,1.1,195.48
2025-06-01,T069,West Bengal,East,Kolkata,5G,Rooftop,215.46,220122,2921,1.327,144.78,37.07,24.86,390.1,99.097,1.2,162.24
2025-07-01,T069,West Bengal,East,Kolkata,5G,Rooftop,211.24,142824,1211,0.848,144.14,35.18,31.4,326.2,99.245,3.3,194.02
2025-08-01,T069,West Bengal,East,Kolkata,5G,Rooftop,250.09,259149,2151,0.83,115.38,24.72,35.79,227.7,99.473,4.8,235.51
2025-09-01,T069,West Bengal,East,Kolkata,5G,Rooftop,249.34,178018,1929,1.084,127.1,27.6,17.09,288.6,99.332,2.6,185.94
2025-10-01,T069,West Bengal,East,Kolkata,5G,Rooftop,164.8,142632,1239,0.869,126.08,23.82,32.12,414.6,99.04,4.2,154.74
2025-11-01,T069,West Bengal,East,Kolkata,5G,Rooftop,211.21,186602,1593,0.854,103.73,29.61,23.71,349.4,99.191,4.3,190.97
2025-12-01,T069,West Bengal,East,Kolkata,5G,Rooftop,208.95,187052,1788,0.956,130.56,32.91,29.06,292.7,99.323,2.0,145.13
2026-01-01,T069,West Bengal,East,Kolkata,5G,Rooftop,216.93,149044,960,0.645,99.52,25.25,23.01,395.5,99.084,1.7,182.62
2026-02-01,T069,West Bengal,East,Kolkata,5G,Rooftop,230.57,183528,1613,0.879,182.55,47.49,22.42,175.0,99.595,0.4,180.34
2026-03-01,T069,West Bengal,East,Kolkata,5G,Rooftop,228.02,204230,1869,0.916,138.33,36.67,33.21,174.3,99.596,6.5,183.74
2026-04-01,T069,West Bengal,East,Kolkata,5G,Rooftop,219.09,115883,1289,1.113,153.41,30.76,24.26,418.5,99.031,6.2,186.78
2026-05-01,T069,West Bengal,East,Kolkata,5G,Rooftop,218.15,224795,2032,0.904,141.49,31.17,25.77,410.0,99.051,3.2,156.53
2026-06-01,T069,West Bengal,East,Kolkata,5G,Rooftop,272.05,223236,2476,1.109,164.62,31.91,26.39,271.3,99.372,1.7,205.0
2025-01-01,T070,West Bengal,East,Kolkata,4G,Small Cell,178.39,213212,2311,1.084,50.18,14.16,42.39,576.3,98.666,5.3,4.65
2025-02-01,T070,West Bengal,East,Kolkata,4G,Small Cell,211.07,112811,1265,1.122,74.53,16.52,35.14,432.1,99.0,1.9,3.78
2025-03-01,T070,West Bengal,East,Kolkata,4G,Small Cell,162.58,140221,1805,1.287,32.83,7.21,38.34,150.6,99.651,2.1,2.73
2025-04-01,T070,West Bengal,East,Kolkata,4G,Small Cell,190.1,235366,2783,1.183,37.43,8.62,37.1,96.1,99.778,1.6,8.48
2025-05-01,T070,West Bengal,East,Kolkata,4G,Small Cell,213.26,231802,2885,1.245,70.33,16.74,40.84,210.1,99.514,0.2,2.09
2025-06-01,T070,West Bengal,East,Kolkata,4G,Small Cell,212.62,167483,2289,1.367,48.03,13.14,43.83,197.9,99.542,6.0,3.94
2025-07-01,T070,West Bengal,East,Kolkata,4G,Small Cell,174.19,135908,2163,1.592,12.73,3.67,37.32,251.5,99.418,2.5,1.05
2025-08-01,T070,West Bengal,East,Kolkata,4G,Small Cell,158.3,151363,2178,1.44,37.49,8.62,34.28,598.4,98.615,2.5,0.05
2025-09-01,T070,West Bengal,East,Kolkata,4G,Small Cell,187.58,70502,822,1.166,55.96,10.93,41.26,466.6,98.92,3.0,9.19
2025-10-01,T070,West Bengal,East,Kolkata,4G,Small Cell,217.82,191161,2771,1.45,23.91,4.78,36.74,353.8,99.181,2.3,1.11
2025-11-01,T070,West Bengal,East,Kolkata,4G,Small Cell,159.25,176602,1535,0.869,65.8,17.92,37.02,223.6,99.482,1.5,4.33
2025-12-01,T070,West Bengal,East,Kolkata,4G,Small Cell,153.62,181822,2169,1.193,56.92,15.51,48.35,366.2,99.152,4.0,2.33
2026-01-01,T070,West Bengal,East,Kolkata,4G,Small Cell,170.73,208118,2764,1.328,18.36,3.64,40.34,214.8,99.503,6.1,6.03
2026-02-01,T070,West Bengal,East,Kolkata,4G,Small Cell,158.27,81974,857,1.046,57.02,12.03,40.58,299.8,99.306,2.4,5.58
2026-03-01,T070,West Bengal,East,Kolkata,4G,Small Cell,168.59,160030,2064,1.29,43.85,9.16,56.14,167.6,99.612,1.4,6.89
2026-04-01,T070,West Bengal,East,Kolkata,4G,Small Cell,199.98,173699,1941,1.118,46.42,11.69,44.79,401.9,99.07,3.3,2.8
2026-05-01,T070,West Bengal,East,Kolkata,4G,Small Cell,183.46,180215,2524,1.401,27.63,6.96,44.1,392.9,99.091,4.8,5.97
2026-06-01,T070,West Bengal,East,Kolkata,4G,Small Cell,202.52,139492,2582,1.852,32.62,6.92,53.04,236.2,99.453,7.0,7.52
2025-01-01,T071,West Bengal,East,Durgapur,4G,Rooftop,157.52,107765,1038,0.963,40.62,7.76,40.3,212.5,99.508,8.8,4.7
2025-02-01,T071,West Bengal,East,Durgapur,4G,Rooftop,197.77,251454,3718,1.479,33.32,7.77,41.06,381.5,99.117,6.1,4.46
2025-03-01,T071,West Bengal,East,Durgapur,4G,Rooftop,187.05,96526,1351,1.4,72.25,17.71,33.03,273.3,99.367,4.1,5.19
2025-04-01,T071,West Bengal,East,Durgapur,4G,Rooftop,161.47,162829,2068,1.27,75.45,16.72,47.03,452.6,98.952,8.7,6.19
2025-05-01,T071,West Bengal,East,Durgapur,4G,Rooftop,141.17,177921,2499,1.405,24.33,5.79,45.08,346.6,99.198,10.7,1.36
2025-06-01,T071,West Bengal,East,Durgapur,4G,Rooftop,189.29,129733,1747,1.347,36.13,9.92,37.3,310.1,99.282,6.9,7.37
2025-07-01,T071,West Bengal,East,Durgapur,4G,Rooftop,205.72,153254,2630,1.716,19.39,4.89,49.73,379.6,99.121,4.9,0.54
2025-08-01,T071,West Bengal,East,Durgapur,4G,Rooftop,202.6,192539,3092,1.606,23.44,5.6,46.19,414.1,99.041,5.5,0.68
2025-09-01,T071,West Bengal,East,Durgapur,4G,Rooftop,187.52,197523,3294,1.668,28.16,7.51,42.38,513.8,98.811,8.0,1.16
2025-10-01,T071,West Bengal,East,Durgapur,4G,Rooftop,212.07,67083,988,1.474,43.43,10.59,31.52,351.4,99.187,6.5,8.62
2025-11-01,T071,West Bengal,East,Durgapur,4G,Rooftop,190.48,91640,1198,1.308,17.32,3.92,40.94,429.0,99.007,6.7,4.98
2025-12-01,T071,West Bengal,East,Durgapur,4G,Rooftop,228.18,223709,3829,1.712,14.96,4.16,48.75,524.1,98.787,7.1,7.37
2026-01-01,T071,West Bengal,East,Durgapur,4G,Rooftop,217.23,180167,1972,1.095,49.31,10.52,43.04,286.4,99.337,4.9,7.68
2026-02-01,T071,West Bengal,East,Durgapur,4G,Rooftop,205.45,117099,1923,1.643,38.11,9.71,38.67,293.2,99.321,3.5,7.34
2026-03-01,T071,West Bengal,East,Durgapur,4G,Rooftop,192.26,235663,1763,0.748,35.12,8.93,46.76,471.9,98.908,5.5,2.72
2026-04-01,T071,West Bengal,East,Durgapur,4G,Rooftop,191.93,160500,2368,1.476,55.55,12.37,39.15,134.3,99.689,6.1,7.84
2026-05-01,T071,West Bengal,East,Durgapur,4G,Rooftop,190.82,210398,3049,1.449,53.09,14.51,44.71,413.7,99.042,5.4,6.36
2026-06-01,T071,West Bengal,East,Durgapur,4G,Rooftop,189.29,80694,1163,1.442,10.43,3,43.61,558.1,98.708,6.1,7.96
2025-01-01,T072,West Bengal,East,Durgapur,4G,Macro,121.66,98388,1297,1.319,60.18,12.87,32.63,377.3,99.127,2.9,5.61
2025-02-01,T072,West Bengal,East,Durgapur,4G,Macro,139.95,217050,2389,1.101,50.47,9.58,39.19,273.3,99.367,7.6,2.52
2025-03-01,T072,West Bengal,East,Durgapur,4G,Macro,145.54,127716,1679,1.315,59.22,14.63,43.09,114.8,99.734,2.5,1.53
2025-04-01,T072,West Bengal,East,Durgapur,4G,Macro,160.6,94375,1161,1.231,85.52,15.75,42.09,326.3,99.245,4.2,7.81
2025-05-01,T072,West Bengal,East,Durgapur,4G,Macro,148.52,188374,2317,1.23,64.36,14.5,42.24,320.4,99.258,1.2,3.09
2025-06-01,T072,West Bengal,East,Durgapur,4G,Macro,132.04,113758,1787,1.571,65.46,12.25,41.59,397.0,99.081,3.4,1.1
2025-07-01,T072,West Bengal,East,Durgapur,4G,Macro,109.8,122806,1664,1.355,62.52,15.76,46.04,98.0,99.773,1.0,0.12
2025-08-01,T072,West Bengal,East,Durgapur,4G,Macro,141.52,160693,1566,0.975,71.84,14.28,48.36,100.6,99.767,3.2,6.17
2025-09-01,T072,West Bengal,East,Durgapur,4G,Macro,142.1,68900,938,1.362,47.74,11.08,36.21,324.2,99.249,1.5,3.11
2025-10-01,T072,West Bengal,East,Durgapur,4G,Macro,113.21,108729,1718,1.581,62.48,17.22,44.96,313.9,99.273,7.1,4.39
2025-11-01,T072,West Bengal,East,Durgapur,4G,Macro,123.65,197876,2820,1.425,75.22,14.89,37.02,273.7,99.366,2.9,4.87
2025-12-01,T072,West Bengal,East,Durgapur,4G,Macro,156.99,155942,1777,1.14,44.35,10.37,40.29,300.4,99.305,2.8,2.43
2026-01-01,T072,West Bengal,East,Durgapur,4G,Macro,121.17,99659,1450,1.455,54.63,12.49,40.82,465.9,98.922,3.1,2.34
2026-02-01,T072,West Bengal,East,Durgapur,4G,Macro,129.07,242802,2972,1.224,9.69,3,37.62,232.5,99.462,3.3,4.86
2026-03-01,T072,West Bengal,East,Durgapur,4G,Macro,124.84,198671,2227,1.121,49.63,9.24,36.03,393.1,99.09,1.0,4.12
2026-04-01,T072,West Bengal,East,Durgapur,4G,Macro,134.8,232749,2427,1.043,49.18,9.25,41.94,122.2,99.717,2.5,4.17
2026-05-01,T072,West Bengal,East,Durgapur,4G,Macro,151.36,237170,4205,1.773,34.9,9.01,38.49,593.9,98.625,8.5,4.3
2026-06-01,T072,West Bengal,East,Durgapur,4G,Macro,145.06,133107,1487,1.118,48.95,9.37,37.38,217.9,99.495,0.4,3.59
2025-01-01,T073,West Bengal,East,Siliguri,5G,Rooftop,243.72,251420,2855,1.136,128.6,24.88,25.88,390.9,99.095,3.1,203.81
2025-02-01,T073,West Bengal,East,Siliguri,5G,Rooftop,241.9,202798,1876,0.925,161.91,36.57,26.59,39.8,99.908,1.8,224.76
2025-03-01,T073,West Bengal,East,Siliguri,5G,Rooftop,215.66,191428,1122,0.586,148.12,32.1,28.45,185.0,99.572,5.3,184.03
2025-04-01,T073,West Bengal,East,Siliguri,5G,Rooftop,224.02,129035,1150,0.892,119.42,29.98,23.18,344.7,99.202,5.9,198.16
2025-05-01,T073,West Bengal,East,Siliguri,5G,Rooftop,224.82,73002,832,1.14,153.02,34.01,28.01,410.8,99.049,3.6,196.1
2025-06-01,T073,West Bengal,East,Siliguri,5G,Rooftop,209.78,212541,1643,0.773,160.52,29.26,27.31,323.1,99.252,0.9,179.08
2025-07-01,T073,West Bengal,East,Siliguri,5G,Rooftop,264.31,165475,1448,0.875,174.65,31.44,23.33,189.6,99.561,0.7,218.85
2025-08-01,T073,West Bengal,East,Siliguri,5G,Rooftop,127.18,69168,676,0.978,155.19,32.86,28.69,164.5,99.619,1.9,92.62
2025-09-01,T073,West Bengal,East,Siliguri,5G,Rooftop,233.93,133457,1225,0.918,150.05,34.91,23.59,130.1,99.699,1.4,214.47
2025-10-01,T073,West Bengal,East,Siliguri,5G,Rooftop,242.78,185168,1774,0.958,120.99,26.5,27.1,208.6,99.517,2.0,170.96
2025-11-01,T073,West Bengal,East,Siliguri,5G,Rooftop,250.03,166004,1829,1.102,140.36,39.69,26.0,133.0,99.692,5.6,192.85
2025-12-01,T073,West Bengal,East,Siliguri,5G,Rooftop,162.19,113038,1092,0.966,140.51,34.77,20.18,339.9,99.213,2.1,121.54
2026-01-01,T073,West Bengal,East,Siliguri,5G,Rooftop,174.97,172757,1927,1.116,113.9,22.43,25.67,393.7,99.089,2.4,122.21
2026-02-01,T073,West Bengal,East,Siliguri,5G,Rooftop,240.04,90141,741,0.822,145.86,29.29,24.46,463.8,98.926,2.8,188.04
2026-03-01,T073,West Bengal,East,Siliguri,5G,Rooftop,214.29,167604,1786,1.066,153.98,31.34,27.97,260.0,99.398,2.3,191.67
2026-04-01,T073,West Bengal,East,Siliguri,5G,Rooftop,215.22,68440,689,1.008,147.55,34.95,27.68,387.2,99.104,8.2,148.94
2026-05-01,T073,West Bengal,East,Siliguri,5G,Rooftop,211.03,148217,1277,0.862,119.62,25.5,22.73,60.7,99.86,1.0,196.76
2026-06-01,T073,West Bengal,East,Siliguri,5G,Rooftop,259.76,129640,1324,1.022,139.59,31.24,35.86,309.3,99.284,7.7,210.69
2025-01-01,T074,West Bengal,East,Siliguri,4G,Macro,226.16,173856,2335,1.343,37.71,10.79,27.08,68.0,99.843,2.9,5.91
2025-02-01,T074,West Bengal,East,Siliguri,4G,Macro,199.94,223264,2352,1.054,85.74,19.01,43.74,416.6,99.036,0.6,0.06
2025-03-01,T074,West Bengal,East,Siliguri,4G,Macro,173.61,172559,2083,1.207,54.03,11.18,37.51,422.2,99.023,2.0,1.0
2025-04-01,T074,West Bengal,East,Siliguri,4G,Macro,158.05,106647,1851,1.736,57.51,14.38,46.67,285.8,99.338,2.1,2.04
2025-05-01,T074,West Bengal,East,Siliguri,4G,Macro,222.23,215819,2616,1.212,66.79,13.96,43.21,319.6,99.26,4.4,1.22
2025-06-01,T074,West Bengal,East,Siliguri,4G,Macro,199.79,204625,2446,1.196,64.24,18.56,41.74,198.2,99.541,2.5,6.73
2025-07-01,T074,West Bengal,East,Siliguri,4G,Macro,145.63,194268,2438,1.255,65.42,14.26,43.17,268.1,99.379,3.1,2.85
2025-08-01,T074,West Bengal,East,Siliguri,4G,Macro,159.77,116034,1348,1.162,69.21,18.96,44.97,304.2,99.296,5.4,4.97
2025-09-01,T074,West Bengal,East,Siliguri,4G,Macro,221.47,98166,1454,1.482,40.8,9.79,40.59,337.8,99.218,1.4,0.26
2025-10-01,T074,West Bengal,East,Siliguri,4G,Macro,231.39,97037,1459,1.504,21.5,4.49,50.76,253.8,99.413,2.2,10.74
2025-11-01,T074,West Bengal,East,Siliguri,4G,Macro,177.87,192231,2528,1.315,49.59,13.93,32.18,249.2,99.423,0.4,5.36
2025-12-01,T074,West Bengal,East,Siliguri,4G,Macro,168.4,130323,1414,1.085,64.33,13.09,42.64,211.2,99.511,2.0,4.59
2026-01-01,T074,West Bengal,East,Siliguri,4G,Macro,156.7,252373,3694,1.464,44.08,11.67,38.45,237.8,99.45,2.2,3.06
2026-02-01,T074,West Bengal,East,Siliguri,4G,Macro,204.25,229007,2343,1.023,40.32,9.12,41.45,257.7,99.403,2.6,6.83
2026-03-01,T074,West Bengal,East,Siliguri,4G,Macro,179.29,105171,1553,1.477,48.96,13.49,47.46,376.6,99.128,2.6,1.56
2026-04-01,T074,West Bengal,East,Siliguri,4G,Macro,191.0,137439,2171,1.58,49.41,11.15,48.81,431.9,99.0,1.8,6.47
2026-05-01,T074,West Bengal,East,Siliguri,4G,Macro,182.07,241772,3316,1.372,35.14,9.64,42.66,273.5,99.367,1.3,0.37
2026-06-01,T074,West Bengal,East,Siliguri,4G,Macro,193.31,143497,1912,1.333,38.24,7.05,42.72,260.5,99.397,2.8,1.4
2025-01-01,T075,Odisha,East,Bhubaneswar,5G,Rooftop,219.91,252893,2940,1.163,132.94,26.62,30.74,352.6,99.184,4.9,195.47
2025-02-01,T075,Odisha,East,Bhubaneswar,5G,Rooftop,208.75,120717,1033,0.856,144.17,33.09,22.11,358.5,99.17,4.2,151.24
2025-03-01,T075,Odisha,East,Bhubaneswar,5G,Rooftop,215.97,160315,888,0.554,145.94,28.21,27.7,330.0,99.236,4.2,152.29
2025-04-01,T075,Odisha,East,Bhubaneswar,5G,Rooftop,221.9,132202,1552,1.174,134.96,33.79,25.41,302.7,99.299,7.4,176.21
2025-05-01,T075,Odisha,East,Bhubaneswar,5G,Rooftop,203.74,70741,715,1.011,127.81,27.9,26.4,170.0,99.607,1.8,168.89
2025-06-01,T075,Odisha,East,Bhubaneswar,5G,Rooftop,166.46,186304,1755,0.942,141.31,35.35,31.52,405.6,99.061,3.2,151.04
2025-07-01,T075,Odisha,East,Bhubaneswar,5G,Rooftop,216.34,160180,1483,0.926,163.16,41.0,30.05,428.3,99.009,3.1,172.83
2025-08-01,T075,Odisha,East,Bhubaneswar,5G,Rooftop,191.06,259478,2973,1.146,155.39,41.68,25.47,235.5,99.455,1.3,161.2
2025-09-01,T075,Odisha,East,Bhubaneswar,5G,Rooftop,213.59,89271,875,0.981,158.38,28.57,25.04,216.0,99.5,1.9,159.77
2025-10-01,T075,Odisha,East,Bhubaneswar,5G,Rooftop,206.81,203287,2597,1.278,145.8,36.69,23.83,299.8,99.306,3.2,167.43
2025-11-01,T075,Odisha,East,Bhubaneswar,5G,Rooftop,242.93,100037,1162,1.162,144.92,26.36,27.02,423.1,99.021,4.4,185.88
2025-12-01,T075,Odisha,East,Bhubaneswar,5G,Rooftop,188.67,150048,1291,0.861,151.29,33.05,28.79,201.2,99.534,6.3,165.58
2026-01-01,T075,Odisha,East,Bhubaneswar,5G,Rooftop,191.1,134690,1390,1.032,138.13,32.94,30.41,128.6,99.702,1.9,159.51
2026-02-01,T075,Odisha,East,Bhubaneswar,5G,Rooftop,236.67,111029,1170,1.055,143.42,27.24,38.45,354.7,99.179,4.0,198.7
2026-03-01,T075,Odisha,East,Bhubaneswar,5G,Rooftop,151.57,134581,1397,1.039,128.61,35.5,21.35,200.4,99.536,2.5,123.19
2026-04-01,T075,Odisha,East,Bhubaneswar,5G,Rooftop,208.72,243139,3066,1.261,119.26,28.23,22.25,238.1,99.449,4.1,155.88
2026-05-01,T075,Odisha,East,Bhubaneswar,5G,Rooftop,250.61,140205,1112,0.793,135.04,26.75,19.9,299.7,99.306,1.8,190.15
2026-06-01,T075,Odisha,East,Bhubaneswar,5G,Rooftop,237.78,240531,2462,1.024,123.38,35.06,20.31,274.6,99.364,1.3,221.98
2025-01-01,T076,Odisha,East,Bhubaneswar,4G,Macro,61.76,193562,2469,1.276,75.97,18.74,38.55,241.0,99.442,1.5,2.14
2025-02-01,T076,Odisha,East,Bhubaneswar,4G,Macro,62.68,203715,3607,1.771,55.1,14.2,39.71,449.1,98.96,4.6,2.85
2025-03-01,T076,Odisha,East,Bhubaneswar,4G,Macro,74.28,135357,1752,1.295,47.87,12.6,40.2,53.3,99.877,2.9,2.25
2025-04-01,T076,Odisha,East,Bhubaneswar,4G,Macro,57.32,212803,3470,1.631,50.7,10.96,40.34,190.1,99.56,2.0,1.99
2025-05-01,T076,Odisha,East,Bhubaneswar,4G,Macro,69.9,80961,1180,1.459,42.17,11.29,42.86,487.4,98.872,9.4,0.16
2025-06-01,T076,Odisha,East,Bhubaneswar,4G,Macro,71.6,140205,1953,1.394,32.53,7.38,45.84,346.1,99.199,4.4,0.98
2025-07-01,T076,Odisha,East,Bhubaneswar,4G,Macro,67.54,155040,1962,1.266,60.83,14.53,43.19,565.1,98.692,2.0,0.51
2025-08-01,T076,Odisha,East,Bhubaneswar,4G,Macro,80.7,80465,1189,1.479,78.59,17.32,40.52,122.8,99.716,4.3,3.55
2025-09-01,T076,Odisha,East,Bhubaneswar,4G,Macro,62.0,139617,1739,1.246,26.4,5.19,41.88,348.3,99.194,2.7,0.76
2025-10-01,T076,Odisha,East,Bhubaneswar,4G,Macro,73.12,117063,1530,1.308,85.92,21.91,40.98,181.0,99.581,1.4,2.05
2025-11-01,T076,Odisha,East,Bhubaneswar,4G,Macro,89.44,97583,1419,1.455,34.98,10.07,49.35,209.2,99.516,7.1,4.07
2025-12-01,T076,Odisha,East,Bhubaneswar,4G,Macro,74.15,207599,2479,1.194,52.66,14.76,45.14,350.7,99.188,1.1,1.75
2026-01-01,T076,Odisha,East,Bhubaneswar,4G,Macro,65.31,86443,1307,1.513,78.46,20.38,46.14,505.7,98.829,2.5,0.2
2026-02-01,T076,Odisha,East,Bhubaneswar,4G,Macro,58.72,89053,1100,1.236,29.77,7.78,44.77,418.9,99.03,4.2,1.03
2026-03-01,T076,Odisha,East,Bhubaneswar,4G,Macro,70.98,257536,3880,1.507,63.57,18.39,31.43,143.5,99.668,1.2,1.23
2026-04-01,T076,Odisha,East,Bhubaneswar,4G,Macro,54.4,121816,1669,1.37,93.96,19.05,39.05,332.2,99.231,1.9,1.26
2026-05-01,T076,Odisha,East,Bhubaneswar,4G,Macro,76.87,172740,2266,1.312,59.65,12.56,42.78,42.3,99.902,5.0,0.46
2026-06-01,T076,Odisha,East,Bhubaneswar,4G,Macro,65.45,114545,1547,1.351,54.13,12.71,50.56,215.2,99.502,4.0,0.87
2025-01-01,T077,Odisha,East,Cuttack,4G,Macro,176.68,235819,2808,1.191,40.58,10.52,44.14,118.5,99.726,3.5,4.04
2025-02-01,T077,Odisha,East,Cuttack,4G,Macro,143.24,100413,1184,1.179,54.34,14.37,44.33,634.7,98.531,5.1,6.66
2025-03-01,T077,Odisha,East,Cuttack,4G,Macro,209.91,75627,847,1.121,42.33,9.76,37.76,149.5,99.654,3.9,7.43
2025-04-01,T077,Odisha,East,Cuttack,4G,Macro,251.81,177898,3022,1.699,38.45,8.76,39.82,436.2,98.99,7.3,3.38
2025-05-01,T077,Odisha,East,Cuttack,4G,Macro,202.06,66507,679,1.021,60.79,16.14,44.66,228.6,99.471,5.5,4.86
2025-06-01,T077,Odisha,East,Cuttack,4G,Macro,224.98,225510,3295,1.462,36.21,9.31,44.06,359.7,99.167,4.9,9.43
2025-07-01,T077,Odisha,East,Cuttack,4G,Macro,191.84,142539,1497,1.051,44.52,10.93,35.54,299.4,99.307,4.1,6.48
2025-08-01,T077,Odisha,East,Cuttack,4G,Macro,256.48,177013,2497,1.411,59.95,15.4,43.96,298.8,99.308,7.4,4.93
2025-09-01,T077,Odisha,East,Cuttack,4G,Macro,184.88,210076,3508,1.67,59.36,13.08,43.18,358.4,99.17,4.7,2.2
2025-10-01,T077,Odisha,East,Cuttack,4G,Macro,189.89,87677,998,1.139,51.05,11.16,44.99,469.3,98.914,4.8,6.34
2025-11-01,T077,Odisha,East,Cuttack,4G,Macro,179.23,167338,2385,1.425,29.96,6.01,43.45,440.4,98.981,4.3,5.3
2025-12-01,T077,Odisha,East,Cuttack,4G,Macro,206.37,247581,3320,1.341,32.44,7.97,39.09,174.6,99.596,3.8,8.25
2026-01-01,T077,Odisha,East,Cuttack,4G,Macro,248.74,175429,2253,1.285,44.96,8.7,37.13,475.4,98.9,4.7,2.15
2026-02-01,T077,Odisha,East,Cuttack,4G,Macro,211.41,99623,1247,1.252,52.12,10.99,50.77,312.8,99.276,3.7,0.9
2026-03-01,T077,Odisha,East,Cuttack,4G,Macro,194.45,160779,2773,1.725,67.42,13.33,42.85,385.1,99.109,9.2,5.43
2026-04-01,T077,Odisha,East,Cuttack,4G,Macro,197.47,169688,2753,1.622,40.73,8.74,47.92,234.8,99.457,7.3,0.14
2026-05-01,T077,Odisha,East,Cuttack,4G,Macro,221.42,244685,3330,1.361,39.76,7.94,37.45,320.4,99.258,5.2,2.08
2026-06-01,T077,Odisha,East,Cuttack,4G,Macro,225.66,70167,877,1.251,70.65,13.32,42.72,258.7,99.401,2.9,10.04
2025-01-01,T078,Odisha,East,Cuttack,4G,Macro,146.28,123462,1530,1.239,63.39,11.72,33.99,243.8,99.436,5.0,4.61
2025-02-01,T078,Odisha,East,Cuttack,4G,Macro,147.49,197406,2648,1.342,37.3,9.52,35.66,362.7,99.16,1.5,4.9
2025-03-01,T078,Odisha,East,Cuttack,4G,Macro,125.71,234471,2571,1.097,49.34,11.69,39.27,426.1,99.014,2.4,2.06
2025-04-01,T078,Odisha,East,Cuttack,4G,Macro,146.69,201474,2951,1.465,77.81,18.03,37.57,161.6,99.626,1.9,5.15
2025-05-01,T078,Odisha,East,Cuttack,4G,Macro,158.05,210745,2266,1.076,42.34,12.02,44.19,455.1,98.946,7.5,3.54
2025-06-01,T078,Odisha,East,Cuttack,4G,Macro,140.61,109737,1449,1.321,75.78,18.39,43.08,107.9,99.75,5.4,2.47
2025-07-01,T078,Odisha,East,Cuttack,4G,Macro,140.0,109590,1196,1.091,86.12,23.91,45.66,333.7,99.228,1.6,6.64
2025-08-01,T078,Odisha,East,Cuttack,4G,Macro,164.94,122089,1395,1.143,58.33,11.22,34.39,157.2,99.636,0.6,3.46
2025-09-01,T078,Odisha,East,Cuttack,4G,Macro,154.71,190289,2665,1.401,42.8,10.5,41.89,361.7,99.163,3.9,5.53
2025-10-01,T078,Odisha,East,Cuttack,4G,Macro,157.17,80348,1259,1.568,49.37,13.51,46.05,719.4,98.335,4.6,6.62
2025-11-01,T078,Odisha,East,Cuttack,4G,Macro,190.81,143184,1960,1.369,22.05,6.3,37.59,387.5,99.103,7.7,1.04
2025-12-01,T078,Odisha,East,Cuttack,4G,Macro,173.5,66560,1080,1.624,34.43,8.85,37.22,448.1,98.963,5.4,0.45
2026-01-01,T078,Odisha,East,Cuttack,4G,Macro,190.14,170045,2612,1.537,50.93,10.18,42.89,183.7,99.575,2.5,2.92
2026-02-01,T078,Odisha,East,Cuttack,4G,Macro,148.73,121105,1673,1.382,75.34,15.94,38.45,304.5,99.295,5.6,5.28
2026-03-01,T078,Odisha,East,Cuttack,4G,Macro,151.19,134162,1645,1.226,55.81,10.19,35.16,558.6,98.707,2.5,5.85
2026-04-01,T078,Odisha,East,Cuttack,4G,Macro,121.71,158684,2149,1.355,44.88,11.66,38.67,430.7,99.003,1.4,5.2
2026-05-01,T078,Odisha,East,Cuttack,4G,Macro,134.63,127579,1784,1.398,74.16,17.7,39.26,176.3,99.592,0.6,5.86
2026-06-01,T078,Odisha,East,Cuttack,4G,Macro,155.29,167408,2131,1.274,41.43,8.58,44.48,216.5,99.499,2.3,2.01
